BVP,EDA,HR,TEMP,Tin,Rhin,TSV
0.07,1.43,83.12,36.47,27.3,30.7,1
0.3,1.8,77.8,36.1,27.3,30.7,1
-0.49,2.72,81.41,35.96,27.3,30.7,1
-0.05,2.71,93.09,36.04,27.3,30.7,1
0.16,2.52,89.6,35.94,27.3,30.7,1
0.06,2.75,79.11,35.77,27.3,30.7,1
-0.4,2.9,77,35.63,27.3,30.7,1
0.42,2.39,77.52,35.59,27.3,30.7,1
0.19,1.82,78.48,35.51,27.3,30.7,1
-0.35,1.74,75.79,35.62,27.6,30.1,1
0,1.32,78.07,35.89,27.8,26.7,1
0.2,1.44,77.18,36.01,27.9,24.6,1
0.38,1.86,82.26,36.01,27.8,24.3,1
-0.33,2.27,85.06,35.99,27.7,24.4,1
-0.42,3.04,80.81,35.92,27.6,24.6,1
0.1,3.31,76.15,35.83,27.5,24.9,1
-0.49,2.38,69.88,35.75,27.4,24.7,1
1.16,1.43,81.47,35.6,27.3,24.8,1
-0.76,0.55,102.9,35.63,27.2,24.9,1
-0.21,0.48,95.06,35.52,27.1,25,1
0.46,0.32,81.37,35.39,27.1,25.2,1
-0.04,0.33,76.5,35.26,27,25.2,1
0.09,0.35,74.29,35.1,26.9,25.4,1
0.42,0.43,74.92,35.14,26.9,25.5,1
-0.48,0.67,77.79,35.16,26.8,25.6,1
-0.84,0.89,79.83,35.24,26.8,25.8,1
1.75,0.85,80.22,35.29,26.7,26,1
-0.34,0.71,83.5,35.32,26.7,26.1,1
-0.01,0.66,85.8,35.35,26.7,26,1
-1.04,2.26,83.27,35.58,26.6,26.2,1
2.13,3.44,88.77,35.8,26.6,26.2,1
-1.82,2.57,83.53,35.75,26.6,26.4,1
0.34,1.98,93.66,35.73,26.6,26.4,1
-0.23,1.41,90.25,35.75,26.6,26.3,1
-0.01,1.03,77.86,35.79,26.5,26.3,1
0.6,0.79,73.46,35.82,26.5,26.3,1
-0.61,0.58,59.85,35.85,26.5,26.4,1
-0.59,0.5,65.66,35.88,26.5,26.2,1
0.32,0.55,76.9,35.94,26.5,26.2,1
0.68,0.7,76.14,35.98,26.5,25.9,1
-0.48,0.62,83.33,36.02,26.5,25.7,1
0.17,0.48,81.83,36.03,26.5,25.5,1
-0.25,0.38,82.07,36.04,26.5,25.6,1
0.39,0.31,76.9,36.02,26.5,25.7,1
0.01,0.26,82.18,35.96,26.5,25.5,1
-2.28,0.22,77.71,35.89,26.4,25.4,1
2.11,0.18,74.7,35.81,26.4,25.3,0
-0.7,0.16,78.05,35.84,26.4,25.2,0
0.15,0.13,82.3,35.81,26.4,25.2,0
0.5,0.12,79.57,35.81,26.4,25.1,0
0.05,0.1,76.57,35.8,26.4,25.1,0
-0.2,0.09,73.54,35.8,26.4,25.2,0
0.19,0.08,75.9,35.79,26.4,25.3,0
0.34,0.07,77.64,35.75,26.4,25,0
-0.65,0.07,76.57,35.7,26.5,24.9,0
0.65,0.07,77.62,35.71,26.5,24.9,0
-0.32,0.06,72.56,35.72,26.5,24.8,0
-1.09,0.13,72.15,35.73,26.5,24.8,0
1.02,0.13,82.77,35.73,26.5,24.8,0
0.09,0.11,82.34,35.73,26.5,24.8,0
-0.37,0.1,81.04,35.77,26.5,24.8,0
0.48,0.08,89.27,35.76,26.5,24.7,0
0.29,0.07,74.98,35.73,26.5,24.6,0
-0.58,0.05,77.72,35.71,26.5,24.5,0
1.75,0.05,76.9,35.64,26.5,24.5,0
-1.31,0.05,81.93,35.55,26.5,24.5,0
-0.14,0.05,82.04,35.58,26.5,24.5,0
-0.7,0.1,80.64,35.52,26.5,24.4,0
0.58,0.26,77.39,35.35,26.6,24.4,0
1.17,0.33,78.62,35.28,26.6,24.4,0
-0.94,0.48,87.67,35.41,26.6,24.4,0
-0.26,0.51,79.88,35.45,26.6,24.4,0
-0.95,0.46,77.84,35.18,26.6,24.4,0
-0.56,0.46,87,34.83,26.6,24.3,0
1.9,0.45,101.57,34.89,26.6,24.4,0
-0.02,0.43,92.67,34.84,26.6,24.3,0
0.16,0.43,81.2,34.67,26.6,24.3,-1
-0.05,2.44,94.95,27.46,26.4,21.4,-1
0.01,2.64,115.48,27.82,26.4,21.4,-1
0.02,2.84,99.4,28.19,26.4,21.4,-1
-0.01,2.62,128.26,28.54,26.4,21.2,-1
0.02,3.03,94.47,28.85,26.4,21.2,-1
0.01,3.09,88.09,29.08,26.4,21.1,-1
-0.02,2.83,109.43,29.25,26.4,21.1,-1
0,3.37,141.96,29.39,26.4,21.1,-1
0.13,3.36,123.8,29.5,26.4,21,1
-0.1,2.28,99.12,29.6,26.4,21.1,1
0,2.04,108.93,29.72,26.4,21.1,1
-0.03,3.57,118.55,29.84,26.4,21.2,1
0.03,4.81,118.48,29.95,26.4,21.4,1
-0.04,6.05,88.6,30.11,26.5,21.4,1
0.19,6.55,89.81,30.25,26.5,21.5,1
-0.11,6.75,67.22,30.41,26.5,21.5,1
-0.09,5.7,74.64,30.56,26.5,21.6,1
-0.04,5.32,85.62,30.72,26.5,21.5,1
-0.08,3.62,117.99,30.86,26.5,21.6,1
0.12,3.73,105.95,31,26.6,21.7,1
-0.05,3.11,100.11,31.12,26.6,21.7,1
0.06,2.93,81.31,31.26,26.6,21.8,1
0.01,2.54,80.51,31.39,26.6,21.8,1
-0.02,3.23,99.7,31.51,26.6,21.8,1
0.01,3.25,101.62,31.6,26.6,21.8,1
0.01,4.25,86.42,31.69,26.6,21.8,1
0.02,3.99,106.79,31.81,26.6,21.8,1
-0.05,5.68,84.36,31.91,26.6,21.9,1
0.01,5.43,88.63,31.98,26.6,21.8,1
0,5.06,87.1,32.02,26.6,21.7,1
0.03,5.08,82.06,32.05,26.6,21.7,1
0.12,4.74,79.74,32.06,26.6,21.8,1
-0.13,5.55,76.55,32.08,26.7,21.9,1
-0.03,4.71,84.44,32.08,26.7,21.8,1
0.02,3.93,92.7,32.07,26.7,21.7,1
0,3.54,103.6,32.01,26.7,21.6,1
0,3.97,111.84,31.93,26.7,21.6,1
0.23,4.2,125.53,31.8,26.7,21.5,1
-0.19,3.82,85.05,31.66,26.7,21.6,1
-0.03,3.48,86.92,31.55,26.7,21.5,1
0.08,3.88,91.86,31.44,26.7,21.6,1
-0.12,2.68,75.44,31.36,26.7,21.6,1
0.04,2.93,84.71,31.23,26.7,21.5,1
0.11,4.21,94.86,31.19,26.7,21.5,1
-0.14,4.17,90.8,31.22,26.7,21.6,1
0.02,3.42,85.78,31.31,26.7,21.6,1
0.01,2.91,73.28,31.4,26.7,21.6,1
0.01,2.41,60.45,31.51,26.7,21.7,1
-0.01,2.21,71.89,31.61,26.7,21.8,1
0,3.12,89.22,31.72,26.7,21.8,1
0.01,3.77,77.22,31.8,26.7,21.8,1
0.05,3.37,70.16,31.91,26.7,22,1
-0.06,3.25,90.54,32.02,26.8,22,1
0.01,2.88,86.96,32.12,26.8,22,1
-0.02,3.18,106.62,32.2,26.8,21.9,1
0,3.4,120.26,32.27,26.8,21.8,1
0.01,3.07,129.02,32.31,26.8,21.7,1
0.04,2.59,142.71,32.34,26.8,21.7,1
-0.03,2.22,106.42,32.4,26.8,21.7,1
0.01,2.36,98.28,32.45,26.8,21.7,1
0.09,3.79,90.46,32.5,26.8,21.6,1
-0.1,3.3,87.38,32.51,26.8,21.5,1
0,3.35,93.98,32.52,26.8,21.5,1
0,3.45,75.93,32.55,26.9,21.5,1
-0.01,3.94,69.38,32.59,26.9,21.5,1
0,4.1,88.45,32.62,26.9,21.5,1
-0.01,4.69,93.92,32.65,26.9,21.6,1
0.01,4.4,89.75,32.68,26.9,21.7,1
-0.01,4.39,95.62,32.73,26.9,21.7,1
0,4.57,97.58,32.78,26.9,21.6,1
0,4.24,83.22,32.82,26.9,21.7,1
0,3.87,91.86,32.85,26.9,21.7,1
0,4.43,88.13,32.9,26.9,21.8,1
0,3.83,74.85,32.93,26.9,22,1
0,3.34,90.22,32.97,26.9,22.2,1
0,2.91,105.69,33.02,26.9,21.9,1
0.01,3.64,90.53,33.06,26.9,21.9,1
-0.01,2.99,77.03,33.1,26.9,21.9,1
0.01,2.46,82.79,33.13,26.9,22,1
-0.01,2.51,85.6,33.14,26.9,21.9,1
0,3.67,88.9,33.15,27,21.9,1
0,4.13,100.13,33.16,27,22,1
0,3.49,101.33,33.17,27,22.1,1
0,3.14,90.46,33.2,27,22,0
0,2.52,98.19,33.25,27,22.1,0
-0.01,2.48,96.07,33.3,27,22.1,0
0.01,2.7,92.79,33.34,27,22,0
0,2.68,95.24,33.35,27,22,0
0,2.71,101.99,33.34,27,22,0
-0.01,2.24,103.33,33.35,27,22,0
0,1.83,98.17,33.36,27,21.9,0
0,1.53,111.55,33.38,27,21.9,0
0.01,1.33,124.79,33.42,27,22,0
0,1.13,104.77,33.45,27,22.1,0
-0.01,0.99,67.87,33.48,27,22,0
0,0.88,75.08,33.52,27,21.9,0
0,0.79,97.82,33.55,27,21.8,0
0.01,1.42,91.03,33.58,27,21.8,0
-0.01,4.56,98.45,33.61,27,21.8,0
0.03,3.96,121.67,33.61,27,21.8,0
-0.02,4.23,125.36,33.59,27,21.9,0
-0.01,3.42,100.39,33.58,27,22,0
-0.02,3.26,97.05,33.59,27,22,0
0.02,4.34,90,33.63,27,22.1,0
0,4.92,94.8,33.63,27,22.1,0
0,4.82,121.48,33.63,27,22.2,0
0.01,5.01,106.72,33.62,27,22.4,0
-0.01,4.33,113.53,33.6,27,22.6,0
0,4.89,144.36,33.58,27,22.4,0
0.03,3.95,116.92,33.59,27,22.9,0
-0.05,3.46,90.41,33.61,27.1,22.7,0
0.03,3.45,97.71,33.64,27.1,22.7,0
0.02,2.73,78.93,33.68,27.1,22.6,0
-0.02,2.9,72.49,33.71,27.1,22.8,0
0,2.53,84.24,33.75,27.1,22.7,0
0,2.1,79.75,33.79,27.1,22.7,0
0,1.81,65,33.82,27.1,22.8,0
-0.01,1.51,75.09,33.85,27.1,22.8,0
0,3.29,110.91,33.86,27.1,22.9,0
0.01,3.58,114.8,33.88,27.1,22.8,0
0,4.89,115.12,33.9,27.1,22.7,0
0,4.73,117.76,33.91,27.1,22.9,0
0,4.2,102.46,33.89,27.1,22.9,0
0,4.47,94.04,33.83,27.3,23.5,0
-0.13,4.67,88.17,33.79,27.5,23.8,0
0.18,0.1,65.69,36.53,23.2,34,0
0.85,0.08,61.88,35.86,23.2,33.3,0
0.21,0.14,73.71,35.48,23.3,33,0
-1.32,0.16,84.06,35.28,23.3,32.8,0
1.02,0.23,98.66,35.11,23.4,32.6,0
-0.87,0.24,81.49,35.03,23.4,32.5,0
0.21,0.17,63.86,34.89,23.5,32.3,0
0.31,0.11,75.4,34.78,23.5,32.2,0
-1.42,0.13,80.27,34.68,23.5,32.2,0
1.5,0.11,90.35,34.68,23.6,32.1,0
-0.86,0.12,83.32,34.71,23.6,32.1,0
-0.26,0.12,89.45,34.8,23.6,32,0
0.52,0.13,79.47,34.91,23.6,32,0
-0.4,0.14,80.51,35,23.7,31.9,0
0.46,0.18,80.05,35.03,23.7,31.8,0
-0.01,0.18,82.18,35.01,23.7,31.7,0
0.46,0.21,76.27,34.99,23.7,31.7,0
-0.54,0.28,79.67,34.88,23.8,31.6,0
-0.05,0.25,77.32,34.77,23.8,31.5,0
-0.18,0.29,67.02,34.68,23.8,31.6,0
0.29,0.27,84.39,34.67,23.8,31.5,0
2.06,0.24,77.89,34.79,23.8,31.4,0
-2.72,0.23,79.75,34.82,23.9,31.3,0
1.17,0.26,83.37,34.79,23.9,31.3,0
0.4,0.39,80.65,34.68,23.9,31.3,0
-1.06,0.43,80.63,34.76,23.9,31.3,0
-0.16,0.44,84.99,34.82,23.9,31.2,0
0.3,0.42,84.85,34.82,24,31.2,0
-0.49,0.69,78.99,34.85,24,31.1,0
0.69,1.38,81.25,34.96,24,31.1,0
-0.35,1.76,85.93,35.06,24,31.1,0
0.07,1.93,81.53,35.06,24,31,0
1.08,2.14,81.11,35.04,24,31,0
-1.11,1.72,77.35,35.21,24.1,31,0
0.72,1.29,77.88,35.28,24.1,30.9,0
-0.74,1.24,82.3,35.26,24.1,30.9,0
0.04,2.11,78.78,35.34,24.1,31,1
0.74,1.95,81.61,35.41,24.1,31,1
-1.73,1.37,84.52,35.22,24.1,31,1
0.95,1.49,82.87,35.22,24.1,30.9,1
0.31,1.42,79.31,35.3,24.1,30.8,1
-0.1,1.32,89.94,35.32,24.2,30.9,1
0.25,1.01,88.33,35.28,24.2,30.8,1
-2.09,0.99,100.36,35.23,24.2,30.8,1
2.36,1.15,91.54,35.09,24.2,30.8,1
-0.48,1.21,103.81,35.09,24.2,30.8,1
0.39,1.17,81.73,35.04,24.2,30.8,1
-0.19,0.88,72.75,34.98,24.2,30.8,1
0.08,1.22,77.62,34.94,24.2,30.7,1
-0.4,2.39,77.04,34.96,24.3,30.7,1
0.12,1.67,78.56,34.9,24.3,30.8,1
-0.3,1,83.85,34.9,24.3,30.8,1
0.12,0.61,77.94,34.98,24.3,30.7,1
-0.44,0.43,76.31,34.98,24.3,30.7,1
0.54,0.35,80.16,34.97,24.3,30.7,1
0,0.38,80.83,34.8,24.3,30.7,1
-0.38,0.37,83.2,35.04,24.3,30.8,1
0.42,1.75,82.29,35.15,24.3,30.7,1
0.11,2.34,76.09,35.16,24.3,30.7,1
-0.54,1.95,81.65,35.07,24.4,30.7,1
0.63,2.16,83,35.09,24.4,30.7,1
-0.25,1.42,90.37,35.23,24.4,30.7,1
-0.1,0.94,100.08,35.21,24.4,30.7,1
0.02,0.67,109.88,35.12,24.4,30.7,1
0,0.53,91.68,35.08,24.4,30.7,1
0.02,0.37,76.85,35.01,24.4,30.7,1
1.04,0.3,88.38,34.92,24.4,30.7,1
-1.17,0.24,88.85,34.76,24.4,30.8,1
-0.86,0.25,81.32,34.65,24.4,31,1
1.82,0.25,87.25,34.35,24.4,31,1
-0.63,0.27,83.86,34.27,24.4,31,1
-1.09,0.26,81.3,34.42,24.5,31.2,1
0.66,0.24,82.82,34.47,24.5,31.3,1
0.26,0.23,81.7,34.5,24.5,31.5,1
-0.06,0.52,80.6,34.5,24.5,31.6,1
-0.12,1.15,102.94,34.46,24.5,31.7,1
0.21,1.23,100.95,34.47,24.5,31.8,1
0.04,0.81,82.87,34.52,24.5,31.8,1
-0.03,0.51,84.95,34.49,24.5,31.9,1
0.41,0.4,84.64,34.4,24.5,31.9,1
-0.33,0.29,73.6,34.44,24.6,32.1,1
-0.08,0.23,85.31,34.45,24.6,31.7,1
0.25,0.19,81.46,34.39,24.6,31.8,1
-0.78,0.13,87.21,34.4,24.6,32.3,1
0.66,0.11,74.64,34.41,24.6,32.7,1
-0.32,0.14,80.31,34.51,24.6,32.2,1
0.14,0.14,82.25,34.55,24.6,32.1,1
-0.15,0.16,80.43,34.34,24.7,32.3,1
0.05,0.18,78.04,34.7,24.7,32.3,1
-0.01,0.17,76.85,34.92,24.7,31.8,1
0.12,0.17,81.53,35,24.7,32.4,1
-0.05,0.14,84.88,34.97,24.8,32.3,1
-0.05,0.12,82.86,34.92,24.8,32.1,1
0.23,0.15,81.47,34.88,24.8,32.2,1
-0.13,0.2,83.42,34.91,24.9,32.2,1
-0.46,0.63,84.16,34.96,24.9,32.5,1
0.42,1.47,85.82,35.04,24.9,32,1
-0.46,1.66,87.58,35.08,24.9,31.6,1
0.49,1.04,85.54,35.15,25,31.8,1
-0.29,0.6,82.77,35.28,25,31.6,1
0.39,0.39,78.71,35.4,25,31.5,1
-0.09,0.3,77.56,35.5,25,31.4,1
-0.05,0.23,73.62,35.48,25,31.4,1
-0.56,0.17,85.03,35.39,25,31.5,1
1.03,0.12,92.35,35.32,25,31.4,1
-0.44,0.1,117.84,35.31,25,31.5,1
-0.01,0.07,98.87,35.22,25,31.3,1
-0.1,0.12,111.68,35.11,25,31.3,1
0.07,0.18,125.21,35.08,25.1,31.4,1
-0.03,0.22,96.64,34.91,25.1,31.3,1
0.07,0.22,81.7,34.82,25.1,31.3,1
0.09,0.28,84.62,35.09,25.1,31.3,1
-0.11,0.33,80.67,35.13,25.1,31.2,1
0.14,0.73,81.43,35.06,25.1,31.3,1
0.04,0.75,84.17,35.02,25.1,31.2,1
-0.19,0.58,81.3,34.99,25.2,31.2,1
-0.01,0.43,76.85,34.91,25.2,31.3,1
0.04,0.24,80.73,34.9,25.2,31.2,1
-0.8,0.25,78.47,35.04,25.2,31.2,1
0.29,0.32,78.24,35,25.2,31.5,1
0.86,0.36,77.15,34.87,25.2,31.3,1
-0.42,0.32,84.79,34.73,25.2,31.3,1
0.01,0.33,86.24,34.68,25.2,31.3,1
-0.23,0.41,84.83,34.39,25.2,31.3,1
0.62,0.44,77.24,34.3,25.2,31.2,1
-2.24,0.39,80.15,34.26,25.2,31.2,1
1.83,0.35,78.43,34.18,25.2,31.2,1
0.14,0.29,83.34,34.09,25.2,31.2,1
0.57,0.24,78.32,34.01,25.2,31.2,1
-0.65,0.18,79.65,33.88,25.2,31.2,1
0.19,0.17,81.01,33.75,25.2,31.2,1
-0.26,0.15,81.83,33.65,25.2,31.2,1
0.1,0.14,81.27,33.62,25.2,31.2,1
-0.65,0.2,84.35,33.67,25.2,31.1,1
0.68,0.18,87.27,33.74,25.2,31.1,1
0.09,0.16,80.27,33.76,25.1,31,1
-0.1,0.14,81.39,33.79,25.1,31,1
-0.63,0.13,84.41,33.77,25.1,31,1
0.42,0.13,85.25,33.75,25.1,31,1
0.34,0.13,84.46,33.74,25.1,31,1
-0.21,0.1,79.75,33.78,25.1,30.9,1
0.03,0.1,78.38,33.9,25.1,30.9,1
-1.18,0.1,74.52,33.89,25.1,30.9,1
1.51,0.12,83.53,33.76,25.1,30.9,1
-0.27,0.15,84.62,33.92,25.1,30.9,1
0.11,0.27,83.05,34,25.1,30.9,1
-0.55,0.27,85.54,34.01,25.1,30.9,1
-0.55,0.27,82.07,33.87,25.1,30.9,1
0.67,0.28,96.36,34.02,25.1,30.9,1
0.15,0.27,102.61,34.13,25.1,30.9,1
0.35,0.25,103.83,34.2,25.1,30.9,1
-0.26,0.44,79.35,34.32,25.1,30.9,1
-0.19,0.37,79.55,34.42,25.1,30.9,1
0.48,0.19,93.57,34.43,25.1,30.9,1
-0.08,0.16,99.6,34.42,25.1,30.9,1
0.15,0.14,85.89,34.38,25.1,31.1,1
-0.07,0.16,80.47,34.37,25.1,31.2,1
-0.67,0.17,104.06,34.4,25.1,31.3,1
0.33,0.23,130.84,34.41,25.1,31.4,1
-1.41,0.27,89.49,34.29,25.1,31.5,1
1.46,0.23,93.8,34.24,25.1,31.6,1
-1.05,0.44,115.76,34.29,25.1,31.6,1
-0.96,2.6,72.9,34.97,25.9,35.5,1
1.09,2.81,81.24,34.97,25.9,35.4,1
-0.18,2.67,91.5,34.85,26,35.2,1
-0.36,2.97,82.24,34.86,26,35.2,1
0.37,2.99,89.29,34.85,26,35.1,1
-0.17,2.87,82.97,34.79,26,35.2,1
0.39,2.46,86.59,35.04,26,35.1,1
-0.17,2.35,85.31,35.2,26,35.1,1
-0.26,2.06,83.72,35.36,26,34.9,1
0.29,1.49,85.56,35.48,26,34.8,1
-2.33,1.2,77.88,35.65,26.1,34.7,1
2.14,1.65,77.9,35.58,26.1,34.7,1
0,1.83,95.37,35.56,26.1,34.6,1
-0.78,1.85,120.66,35.49,26.1,34.6,1
0.89,1.9,104.67,35.42,26.1,34.5,1
-0.02,1.49,86.14,35.16,26.1,34.5,1
0.06,1.25,81.7,35.31,26.1,34.5,1
0.3,0.99,82.74,35.54,26.1,34.5,1
-0.34,0.79,91.62,35.68,26.1,34.5,1
0.36,0.7,104.59,35.83,26.1,34.4,1
-1.05,0.64,94.15,35.86,26.1,34.4,1
0.86,0.52,85.03,35.76,26.1,34.3,1
-0.64,0.5,86.04,35.73,26.1,34.5,1
0.59,1.03,85.85,35.76,26.1,34.5,1
-0.25,1.44,98.39,35.77,26.1,34.4,1
0.24,1.3,102.98,35.44,26.1,34.4,1
0.43,2.73,84.45,35.07,26.1,34.5,1
-0.93,3.09,83.85,35.43,26.1,34.8,1
0.71,3.2,86.18,35.61,26.1,34.6,1
-0.27,3.3,81.72,35.58,26.1,34.7,1
0.02,3.73,80.12,35.91,26.1,35,1
0.89,4.04,83.05,35.91,26.1,35,1
-0.77,3.45,82.69,35.92,26.1,35,1
-0.05,3.96,81.03,35.94,26.2,35,1
-0.03,4.39,79.8,36.14,26.2,35,1
-0.09,4.43,83.76,36.06,26.2,35,1
-0.45,4.3,84.57,36.01,26.2,35.8,1
1.38,4.21,80.42,36.09,26.2,36.2,1
-0.64,4.32,73.4,36.22,26.2,35.3,1
-0.4,4.3,81.79,36.19,26.2,35.7,1
0.22,4.19,83.91,36.18,26.3,35.1,1
-0.25,3.83,80.85,36.33,26.3,35.1,1
0.16,4.6,86.9,36.36,26.3,34.9,1
-0.43,4.23,86.36,36.37,26.3,34.9,1
0.52,3.23,85.58,36.33,26.3,34.7,1
0.01,3.15,81.64,36.36,26.3,34.5,1
-0.01,2.75,83.38,36.39,26.3,34.6,1
0.57,3.16,83.84,36.4,26.3,34.4,1
-0.63,3.76,82.25,36.44,26.3,34.5,1
0.64,3.77,82.65,36.45,26.3,34.4,1
-0.77,4.08,85.74,36.46,26.4,34.5,1
0.1,3.39,84.04,36.37,26.4,34.3,1
-0.28,2.55,80.86,36.47,26.4,34.4,1
0.45,2.05,79.72,36.47,26.4,34.3,1
2.68,2.44,86.89,36.42,26.4,34.2,1
-2.79,2.7,77.36,36.32,26.4,34.2,1
-0.04,1.49,76.19,36.06,26.4,34.2,1
0.01,1.35,95.22,35.93,26.4,34.2,1
0.09,2.79,122.68,35.93,26.4,34.2,1
-0.11,3.74,119,35.96,26.4,34.2,1
0.58,3.35,86.62,35.88,26.4,34.2,1
-0.76,3.42,88.26,35.94,26.4,34.2,1
0.66,3.69,89.63,36.07,26.4,34.1,1
0.02,3.53,98.29,36,26.4,34.2,1
-0.9,3.01,95.87,35.85,26.4,34.4,1
1.49,3.2,81.38,35.77,26.4,34.3,1
-0.58,0.43,72.15,33.98,22.1,36.9,0
0.66,0.49,78.23,33.59,22.1,36.9,0
0.39,0.46,84.77,33.37,22.1,36.9,0
-0.54,0.33,77.72,33.36,22.6,21.3,0
0.08,0.22,76.28,33.2,22.7,22.4,0
-0.06,0.15,74.38,33.08,22.7,22.3,0
-0.04,0.13,75.87,32.97,22.7,21.8,0
0.03,0.24,85.97,33.1,22.6,21.7,0
0.08,0.24,80.46,33.13,22.6,22,0
-0.07,0.22,80.93,33.02,22.5,21.8,0
0.09,0.2,77.13,32.95,22.5,22,0
-0.02,0.18,82.96,32.9,22.5,21.9,0
0.04,0.17,84.69,32.86,22.4,22.1,0
0.14,0.16,83.94,32.82,22.4,22.4,0
-0.26,0.15,86.3,32.89,22.4,22.3,0
0.08,0.14,86.88,32.98,22.4,22.5,-1
-0.04,0.14,86.26,33.01,22.4,22.4,-1
-0.71,0.13,95.76,33.02,22.4,22.4,-1
2.06,0.16,120.86,33.08,22.4,22.4,-1
-1.29,0.17,91.11,33.21,22.4,22.3,-1
0.02,0.16,78.71,33.31,22.4,22.2,-1
-0.14,0.15,73.66,33.29,22.4,23.1,-1
2.56,0.14,69.84,33.2,22.5,23.2,-1
-2.45,0.13,70.81,33.16,22.5,22.7,-1
0.13,0.14,73.31,33.15,22.5,22.6,-1
-0.2,0.13,69.68,33.13,22.5,23,-1
0.25,0.13,71.12,33.07,22.5,22.6,-1
-0.1,0.13,70.37,33,22.5,22.5,-1
-0.06,0.13,71.76,32.98,22.6,22.9,-1
-0.12,0.13,68.77,32.94,22.6,22.7,-1
0.15,0.12,71.74,32.89,22.6,22.4,-1
0.02,0.12,75.79,32.84,22.6,22.3,-1
-0.02,0.12,76.35,32.81,22.7,22.3,-1
0.16,0.12,78.67,32.74,22.7,22.6,-1
-0.3,0.12,72.67,32.68,22.7,22.5,-1
0.1,0.12,73.03,32.61,22.7,22.3,-1
0.05,0.11,74.77,32.56,22.8,22.2,-1
-0.09,0.11,75.28,32.43,22.8,22.1,-1
0.01,0.12,77.32,32.39,22.8,22.1,-1
0.15,0.12,73.37,32.38,22.8,22.4,-1
-0.19,0.11,73.22,32.31,22.9,22.1,-1
-0.49,0.11,73.54,32.33,22.9,22.1,-1
0.66,0.11,74.04,32.32,22.9,22.1,-1
-0.8,0.11,74.63,32.1,22.9,22.2,-1
1.15,0.11,87.78,32.06,23,22.7,-1
0.35,0.12,90.41,32.05,23,22.9,0
-0.73,0.13,74.16,32.09,23,22.9,0
0.03,0.12,73.48,32.19,23.1,22.8,0
-0.13,0.12,75.12,32.11,23.1,22.9,0
-0.53,0.12,75.11,32.15,23.1,22.9,0
0.61,0.11,79.79,32.1,23.1,23.3,0
-1.95,0.12,75.21,32.08,23.2,23.2,0
1.69,0.11,78.01,32.04,23.2,23.1,0
0.56,0.1,79.23,32.04,23.2,23.1,0
-0.33,0.1,74.58,32.03,23.3,23,0
-0.72,0.11,79.71,32.1,23.3,22.8,0
0.52,0.11,77.3,32.07,23.3,22.9,0
-0.01,0.11,83.22,32.15,23.4,22.8,0
-0.15,0.11,74.62,32.16,23.4,22.7,0
0.29,0.11,85.23,32.12,23.4,22.6,0
0.01,0.11,98.45,32.19,23.4,22.4,-1
-0.03,0.11,85.44,32.22,23.5,23.4,-1
0.02,0.11,65.04,32.23,23.5,22.8,-1
0.32,0.12,69.37,32.23,23.5,22.6,-1
-0.33,0.15,76.73,32.09,23.5,22.7,-1
0.09,0.16,85.29,32.09,23.6,22.3,-1
0.15,0.16,85.33,32.12,23.6,22.7,-1
-0.14,0.13,74.12,32.18,23.6,22.9,-1
0.03,0.11,72.7,32.17,23.7,23.4,-1
-0.03,0.1,70.16,32.17,23.7,22.5,-1
-1,0.1,70.78,32.17,23.7,22.5,-1
1.3,0.11,62.92,32.19,23.7,22.4,-1
-0.11,0.11,72.7,32.21,23.8,22.3,-1
-1.07,0.1,71.14,32.27,23.8,22.8,-1
0.94,0.1,73.14,32.34,23.8,22.3,-1
0.09,0.1,74.99,32.25,23.8,22.1,0
-0.35,0.08,88.77,32.18,23.8,22.1,0
0.18,0.08,91.61,32.14,23.9,22.2,0
-0.01,0.09,77.81,32.13,23.9,22.3,0
-0.31,0.09,73.18,32.05,23.9,22.4,0
1.32,0.09,75.29,32.04,24,22.3,0
-1.09,0.09,78.88,32.05,24,22.3,0
0.23,0.08,68.82,31.96,24,22.2,0
-0.1,0.09,86.92,31.77,24,22.2,0
-0.35,0.08,101.1,31.75,24.1,22.6,0
0.28,0.09,124.38,31.77,24.1,22.3,0
-0.36,0.08,128.17,31.78,24.1,22.2,0
1.1,0.09,93.6,31.76,24.1,22.2,0
-1.01,0.09,88.97,31.76,24.2,22.1,0
0.24,0.1,66.86,31.74,24.2,22.3,0
-0.28,0.1,68.11,31.79,24.2,22.2,0
1.11,0.1,70.25,31.86,24.2,22.4,0
-0.78,0.1,75.14,31.91,24.2,22.3,0
-0.44,0.09,73.35,31.91,24.3,22.3,0
0.45,0.09,75.66,31.88,24.3,22.8,0
-0.06,0.1,77.94,31.88,24.3,22.2,0
0.38,0.1,74.05,31.9,24.3,22.6,0
-0.02,0.09,76.06,31.87,24.3,22.3,0
-0.32,0.09,72.38,31.82,24.3,22.4,0
-0.13,0.08,83.51,31.64,24.4,22.4,0
-0.16,0.09,77.97,31.64,24.4,22.3,0
0.27,0.09,72.35,31.76,24.4,22.2,0
2.32,0.09,72.97,31.77,24.4,22.3,0
-2.22,0.08,72.55,31.62,24.4,22.3,0
-1.8,0.09,96.31,31.41,24.5,22.9,0
2.23,0.09,77.92,31.24,24.5,22.5,1
-1.53,0.08,73.8,31.29,24.5,22.2,1
1.11,0.09,72.63,31.25,24.5,22.4,1
-0.1,0.09,102.06,31.22,24.5,22.2,1
0.27,0.09,93.04,31.37,24.6,22.2,1
0.26,0.09,74.51,31.5,24.6,22.1,1
-0.44,0.09,71.37,31.57,24.6,22.2,1
-0.04,0.1,81.04,31.65,24.6,22.5,1
-0.44,0.1,80.79,31.8,24.6,23.3,1
0.24,0.09,75.84,31.83,24.7,23.2,1
0.34,0.09,68.96,31.98,24.7,22.7,1
-0.07,0.1,68.93,32.08,24.7,22.6,1
-0.08,0.1,76.42,32.15,24.7,22.6,1
-0.1,0.1,74.89,32.21,24.7,23,1
0.14,0.1,72.84,32.25,24.7,22.1,1
0.31,0.1,67.43,32.31,24.7,22.3,1
-0.46,0.1,69.54,32.36,24.7,22.1,1
0.04,0.1,73.08,32.4,24.8,22.1,1
0.5,0.1,69.57,32.47,24.8,22.1,1
0.12,0.1,74.31,32.54,24.8,22.1,1
-1.03,0.1,68.45,32.45,24.8,22.2,1
0.44,0.11,69.79,32.51,24.8,22.1,1
0.67,0.1,67.02,32.64,24.8,22,1
0.05,0.11,77.54,32.53,24.8,22.1,1
-0.86,0.11,80.09,32.63,24.9,22.5,1
0.23,0.11,71.73,32.79,24.9,21.9,1
-0.03,0.12,59.41,32.93,24.9,22.3,1
0.05,0.11,71.47,33,24.9,22.1,1
-0.14,0.11,86.11,33.08,24.9,22.1,1
-0.05,0.12,106.47,33.14,24.9,22.2,1
0.26,0.12,114.98,33.14,24.9,22,1
-0.11,0.11,82.82,33.04,24.9,22.1,1
-0.01,0.12,78.06,32.97,25,22.5,1
-0.09,0.12,71.06,33.09,25,22.3,1
0.31,0.12,74.12,33.22,25,22.2,1
-0.36,0.12,71.64,33.32,25,22.1,1
0.09,0.11,74.2,33.39,25,22,1
0.01,0.12,83.63,33.44,25,22,1
0.04,0.12,74.35,33.43,25,22,1
-0.16,0.11,76.66,33.37,25,21.9,1
0.09,0.12,96.03,33.38,25,22.2,1
-0.03,0.11,71.18,33.38,25,21.8,1
0.01,0.11,74.41,33.35,25,21.7,1
-0.02,0.12,73.38,33.32,25,21.9,1
0.3,0.12,77.21,33.38,25,21.8,1
-0.12,0.12,76.12,33.4,25,21.8,1
-0.05,0.11,74.38,33.4,25,21.6,1
-0.09,0.12,90.56,33.39,25.1,21.6,1
0.06,0.11,107.34,33.36,25.1,22.6,1
-0.04,0.11,82.3,33.35,25.1,21.9,1
0.04,0.12,75.43,33.38,25.1,21.7,1
-0.3,0.12,76.54,33.38,25.1,21.7,1
0.6,0.12,75.43,33.29,25.1,21.7,1
-0.68,0.11,77.53,33.06,25.1,22.4,1
0.33,0.12,66.39,32.87,25.1,21.8,1
1.6,0.11,73.02,32.94,25.1,21.7,1
-2.41,0.11,73.17,32.91,25.2,21.7,1
0.75,0.12,74.29,32.84,25.2,22.1,1
0.06,0.12,76.66,32.89,25.2,22,1
0.02,0.12,73.69,32.99,25.2,21.8,1
-0.2,0.12,72.65,33.07,25.2,21.9,0
0.11,0.12,75.31,33.13,25.2,21.8,0
0.03,0.12,75.53,33.14,25.2,22,0
0.01,0.12,75.35,33.1,25.2,21.8,0
0.21,0.12,76.58,33.07,25.2,21.7,0
1.05,0.11,77.24,33.05,25.2,21.5,0
-0.72,0.11,78.56,32.81,25.2,21.6,0
-0.15,0.12,88.03,32.68,25.2,21.5,0
-0.17,0.12,81.02,32.73,25.2,21.7,0
-0.15,0.12,75.2,32.65,25.2,22,0
0.59,0.12,92.24,32.74,25.2,21.7,0
-0.58,0.12,91.09,32.68,25.3,21.8,0
0,0.12,80.65,32.54,25.3,22.6,0
-0.1,0.12,74.3,32.6,25.3,21.7,0
0.04,0.12,73.3,32.74,25.3,21.6,0
1,0.12,73.58,32.84,25.3,21.6,0
-0.84,0.12,77.06,32.88,25.3,21.7,0
-0.29,0.12,76.17,32.9,25.3,21.7,0
0.24,0.11,90.66,32.77,25.3,21.5,0
-0.06,0.12,78.86,32.85,25.3,21.6,0
-0.14,0.12,74.42,32.99,25.4,21.5,0
0.41,0.11,76.52,32.98,25.4,21.6,0
-0.44,0.11,88.44,32.76,25.4,21.7,0
0.22,0.11,88.21,32.66,25.4,21.5,0
-0.04,0.11,69.48,32.78,25.4,21.4,0
-0.03,0.11,72.01,32.88,25.4,21.4,0
0.01,0.11,73.32,32.96,25.4,21.4,0
-0.11,0.11,71.31,33.02,25.4,21.2,0
0.19,0.11,74.23,33.03,25.4,21.2,0
-0.13,0.11,75.65,32.89,25.4,21.2,0
0.01,0.11,70.7,32.95,25.4,21.5,-1
-0.09,0.11,83.14,32.98,25.4,21.1,-1
0.29,0.11,82.8,33.02,25.4,21.2,-1
-0.07,0.12,73.89,32.89,25.4,22.1,-1
-0.15,0.11,77.99,32.71,25.4,21.3,-1
0.8,0.12,71.61,32.87,25.4,20.9,-1
-0.95,0.12,64.93,32.89,25.4,21.1,-1
-0.33,0.1,69.61,32.7,25.4,21,-1
0.08,0.05,78.12,32.07,25.4,21,-1
0.5,0.05,80.92,31.95,25.4,21,-1
0.04,0.1,75.61,32.04,25.4,21.1,-1
0.01,0.1,71.03,32.11,25.4,21.1,-1
-0.6,0.1,110.67,32.14,25.4,20.8,-1
0.6,0.11,84.27,32.23,25.4,21.3,-1
-0.02,0.11,73.36,32.28,25.4,21.1,-1
0.09,0.11,74.41,32.27,25.4,20.9,-1
-0.66,0.11,92.38,32.28,25.4,20.9,-1
-0.25,0.1,99.66,32.15,25.4,20.7,-1
0.99,0.11,95.26,32.11,25.5,20.7,-1
-1.59,0.11,91.47,32.21,25.5,21,-1
0.66,0.11,114.04,32.22,25.5,20.9,-1
0.69,0.11,103.52,32.22,25.5,20.8,-1
-0.01,0.11,93.95,32.18,25.5,20.7,-1
-0.2,0.11,126.21,32.13,25.5,20.7,-1
0.08,0.11,111.24,32.01,25.5,20.6,-1
0.17,0.12,89.14,31.96,25.5,20.6,-1
-0.08,0.12,78.43,31.96,25.6,21,-1
-0.1,0.14,73.79,32,25.6,20.7,-1
-0.01,0.14,73.81,32.03,25.6,20.7,-1
-0.02,0.14,74.67,32.08,25.6,20.6,-1
0.19,0.14,77.14,32.11,25.6,20.6,0
0.28,0.13,76.25,32.11,25.6,20.5,0
-0.12,0.13,73.22,32.16,25.6,20.5,0
0.35,0.13,74.8,32.23,25.6,20.6,0
-0.55,0.13,76.21,32.23,25.6,20.5,0
-0.05,0.12,77.11,32.21,25.6,20.5,0
0.26,0.12,76.7,32.18,25.6,20.7,0
-0.12,0.13,75.34,32.2,25.6,20.8,0
-1.59,0.13,75.2,32.12,25.6,20.7,0
1.55,0.13,86.79,32.23,25.6,20.7,0
-0.11,0.13,79.71,32.31,25.6,20.8,0
-0.14,0.12,76.23,32.27,25.6,20.9,0
0.15,0.12,73.01,32.33,25.6,20.8,0
0.15,0.13,76.36,32.14,25.6,20.8,0
0,0.13,98.48,31.64,25.6,20.7,0
0,0.12,80.53,31.46,25.6,20.9,1
-0.06,0.12,68.55,31.76,25.6,20.8,1
0.07,0.12,66.08,32,25.6,21,1
-0.13,0.12,63.98,32.01,25.6,21,1
-0.14,0.13,72.7,32.15,25.6,20.8,1
0.23,0.13,66.99,32.26,25.6,20.9,1
-0.2,0.13,71.47,32.35,25.6,21.1,1
0.32,0.13,76.42,32.43,25.7,21.2,1
-0.22,0.13,71.26,32.48,25.7,21,1
-0.07,0.13,70.06,32.52,25.7,20.9,1
0.11,0.13,65.36,32.55,25.7,21.3,1
0.06,0.13,71.95,32.49,25.7,21,1
-0.04,0.13,76.11,32.52,25.7,21.1,1
-0.05,0.13,72.01,32.57,25.7,21,1
0.39,0.13,74.94,32.54,25.7,21,1
-0.48,0.13,69.63,32.47,25.8,21.1,1
0.52,0.13,70.83,32.48,25.8,21.1,1
-0.35,0.13,71.04,32.49,25.8,21.1,1
-0.08,0.13,74.77,32.48,25.8,21,1
-0.07,0.13,74.01,32.44,25.8,21.4,1
-0.05,0.13,71.67,32.43,25.8,21.1,1
0.24,0.13,75.92,32.36,25.8,21.2,1
0.62,0.13,72.21,32.34,25.8,21.2,1
-0.63,0.13,69.32,32.39,25.9,21.2,1
0,0.13,73.18,32.3,25.9,21.2,1
-0.29,0.13,72.71,32.22,25.9,21.3,1
0.11,0.13,73.23,32.35,25.9,21.3,1
-1.52,0.13,73.28,32.37,25.9,21.4,1
1.47,0.13,76.21,32.3,25.9,21.3,1
0.01,0.13,77.13,32.17,25.9,21.3,1
0.38,0.13,79.06,32.27,25.9,21.3,1
-0.05,0.13,66,32.34,25.9,21.3,1
0.04,0.14,73.04,32.4,25.9,21.6,1
-0.29,0.14,75.24,32.45,25.9,21.4,1
0.78,0.13,74.65,32.45,26,21.3,1
-0.72,0.13,76.52,32.47,26,21.4,1
0.87,0.13,73.45,32.53,26,21.3,1
-2.14,0.13,73.22,32.49,26,21.4,1
0.12,0.14,84.2,32.14,26,21.1,1
-0.16,0.14,88.76,32.14,26.1,21.6,1
-0.17,0.16,79.17,32.15,26.1,21.4,1
0.21,0.15,70.8,32.11,26.1,21.1,1
-0.55,0.17,84.08,32.18,26.1,21.1,1
-0.13,0.16,89.62,32.15,26.1,21.1,1
1.35,0.16,80.53,32.22,26.1,20.9,1
-0.47,0.16,72.74,32.24,26.2,21.3,1
-0.15,0.16,86.56,32.12,26.2,21.6,1
1.42,0.18,85.92,32.44,26.2,21.1,1
-1.42,0.19,71.93,32.55,26.2,22.1,1
-0.22,0.18,74.55,32.59,26.2,22.1,1
0.24,0.17,73.49,32.61,26.2,21.6,1
-0.01,0.17,65.49,32.62,26.2,21.6,1
0.2,0.16,68.07,32.64,26.2,21.3,1
-0.88,0.15,70.63,32.6,26.2,21.2,1
1.51,0.17,78.07,32.43,26.2,22,1
-0.86,0.16,78.19,32.42,26.3,21.1,1
-0.03,0.21,77.33,32.31,26.3,22.2,1
0.2,0.22,76.95,32.4,26.3,21.4,1
-0.23,0.22,77.09,32.46,26.3,21.6,1
-0.57,0.22,77.62,32.53,26.3,21.6,1
0.64,0.22,73.7,32.62,26.3,21.5,1
0.12,0.22,75.38,32.62,26.3,22,1
-0.34,0.21,78.15,32.62,26.3,21.7,1
0.05,0.21,72.69,32.64,26.3,21.8,1
0.23,0.2,74.43,32.68,26.3,21.7,1
-0.1,0.19,79.1,32.69,26.3,21.4,1
0.12,0.18,73.76,32.7,26.3,21.7,1
-0.05,0.18,73.37,32.74,26.3,21.5,1
0.16,0.17,72.85,32.69,26.3,21.4,1
0.15,0.17,72.95,32.71,26.4,21.4,1
0.17,0.17,77.82,32.73,26.3,21.4,1
-0.57,0.17,75.87,32.78,26.4,21.5,1
0.73,0.16,75.42,32.84,26.4,21.4,1
-0.32,0.16,74.46,32.84,26.4,21.8,1
-0.79,0.16,69.68,32.89,26.4,21.4,1
0.76,0.15,74.32,32.95,26.4,22,1
0.98,0.15,72.03,32.9,26.4,21.5,1
-1.28,0.15,76.49,33.01,26.4,22.2,1
0.34,0.17,75.89,32.97,26.4,21.4,1
-1.5,0.17,76.03,32.81,26.4,21.6,1
1.34,0.18,80.07,32.68,26.4,21.5,1
0.83,0.18,76.81,32.75,26.5,21.7,1
-1.34,0.17,75.27,32.74,26.5,21.5,1
0.35,0.15,77.89,32.78,26.5,21.4,1
0.14,0.14,73.18,32.93,26.5,21.5,1
0.05,0.15,73.7,32.96,26.5,21.4,1
-0.27,0.15,74.67,33,26.5,21.4,1
0.33,0.16,77.63,33.04,26.6,21.5,1
0,0.17,79.65,33.08,26.6,21.3,1
-0.34,0.17,81.89,33.13,26.6,21.3,1
0.08,0.17,75.55,33.15,26.6,21.3,1
-0.24,0.16,74.86,33.08,26.6,21.3,1
1.37,0.17,77,33.19,26.6,21.3,1
-1.32,0.16,77.7,33.18,26.6,21.4,1
0.2,0.18,82.2,33.18,26.7,21.4,1
-0.13,0.17,73.2,33.09,26.7,21.3,1
-0.12,0.17,74.79,33.17,26.7,21.5,1
0.38,0.16,73.37,33.32,26.7,21.4,1
-0.1,0.16,76.43,33.39,26.7,21.5,1
-0.13,0.16,74.68,33.45,26.7,21.5,1
-0.36,0.16,71.32,33.48,26.7,21.5,1
-0.54,0.18,76.23,33.45,26.7,21.5,1
0.57,0.25,74.84,33.52,26.7,21.8,1
0.31,0.29,80.88,33.65,26.7,21.9,1
0.06,0.4,86.58,33.8,26.7,22.2,1
0.05,0.37,83.02,34.07,26.7,22.5,1
-0.17,0.29,79.39,34.09,26.8,21.9,1
0.42,0.31,74.65,34.13,26.8,21.8,1
-0.34,0.34,75.9,34.07,26.8,21.5,1
-0.21,0.47,72.9,34.03,26.8,21.4,1
0.31,0.53,77.18,34.17,26.8,21.5,1
-0.48,0.43,77.01,34.27,26.8,21.3,1
0.17,0.31,69.51,34.38,26.8,21.3,1
-0.55,0.42,74.16,34.43,26.8,21.6,1
0.93,0.62,82.15,34.5,26.8,21.3,1
-0.12,0.65,76.77,34.61,26.8,21.1,1
-0.07,0.8,74.94,34.63,26.8,21,1
0.96,0.65,74.82,34.62,26.9,21.1,1
-1.05,0.49,71.31,34.67,26.9,20.9,0
0.17,0.53,76.83,34.6,26.9,21,0
-1.12,0.54,93.11,34.59,26.9,21.1,0
1.36,0.51,92.51,34.68,26.9,21.2,0
0.08,0.47,83.23,34.75,26.9,21.4,0
-0.49,0.38,76.51,34.77,26.9,21.4,0
0.15,0.32,80.96,34.69,26.9,21.5,0
-0.09,0.27,73.74,34.71,26.9,21.8,0
0.29,0.22,69.31,34.71,26.9,21.4,0
-0.59,0.21,78.68,34.58,26.9,21.3,0
0.4,0.19,76.34,34.67,26.9,21.4,0
-0.06,0.17,72.71,34.76,26.9,22,0
0.22,0.15,71.31,34.82,26.9,21.4,0
-0.3,0.15,74.57,34.94,26.9,21.3,0
0.41,0.14,73.29,34.97,26.9,21.5,0
-0.07,0.13,100.92,34.99,26.9,21.4,1
-0.18,0.12,105.23,35.01,26.9,21.2,1
-0.15,0.11,72.42,35.03,26.9,21.2,1
0.24,0.1,74.89,35.05,27,21.2,1
-0.36,0.09,76.52,35.08,27,21.8,1
0.6,0.08,75.49,35.09,27,21.4,1
0.3,0.08,77.33,35.08,27,21.5,1
-0.49,0.07,77.35,35.1,27,21.6,1
-0.14,0.07,76.12,35.11,27,21.5,1
0.53,0.07,73.37,35.1,27,21.3,1
-0.41,0.07,75.57,35.07,27,21.2,1
-0.32,0.08,74.48,35.06,27,21.1,1
1.19,0.07,77.1,35.1,27,21.4,1
-1.35,0.06,77.06,35.14,27,21.3,1
-0.34,0.07,77.67,35.17,27,21.4,1
0.37,0.06,80.45,35.17,27.1,21.2,1
0.14,0.05,80.7,35.16,27.1,21.3,1
-0.28,0.06,80.74,35.19,27.1,21.2,1
0.12,0.05,76.4,35.24,27.1,21.4,1
0.02,0.04,74.82,35.21,27.1,21.2,1
1.04,0.05,75.01,35.2,27.1,21.5,1
0.13,0.05,66.5,35.21,27.1,21.2,1
-0.64,0.13,69.25,35.21,27.1,21.3,1
-0.12,0.2,72.07,35.19,27.1,21.2,1
-0.06,0.2,77.07,35.12,27.1,21.1,1
-0.5,0.2,76.07,35.15,27.1,21.1,1
0.75,0.19,73.87,35.17,27.1,21,1
-0.56,0.19,68.76,35.12,27.1,21.2,1
1.43,0.19,73.92,35.15,27.1,21.4,1
-0.99,0.2,78.8,35.1,27.1,21.3,1
-0.02,0.21,75.6,35.06,27.1,21,0
-0.38,0.19,68.45,35.07,27.1,20.9,0
0.55,0.19,71.42,35.11,27.1,21.1,0
0.13,0.19,74.43,35.15,27.2,21.2,0
-0.49,0.19,72.6,35.18,27.1,20.9,0
-0.05,0.19,75.87,35.16,27.1,21,0
-0.5,0.18,78.18,35.01,27.1,20.8,0
0.73,0.19,77.22,34.93,27.1,20.7,0
0.66,0.19,73.26,35.08,27.1,20.8,0
-0.67,0.18,72.57,35.14,27.1,20.6,0
-0.38,0.18,71.07,35.22,27.1,20.7,0
1,0.18,73.96,35.27,27.1,20.9,0
-0.74,0.18,76.72,35.26,27.1,20.8,0
-0.61,0.18,76.42,35.25,27.1,20.9,0
0.67,0.18,72.47,35.27,27.1,20.9,0
-0.37,0.17,74.21,35.14,27.1,20.8,0
0.73,0.17,75.09,35.1,27.1,20.8,0
-0.48,0.18,73.67,35.1,27.1,20.8,0
1.63,0.17,78.56,35.06,27.1,20.7,0
-1.85,0.17,79.42,35.08,27.1,20.7,0
0.16,0.17,75.2,35.1,27.1,20.8,0
-0.06,0.17,73.67,35.13,27.1,20.7,0
-0.62,0.17,72.15,35.18,27.1,20.8,0
0.91,0.17,65.05,35.14,27.1,20.6,0
-0.23,0.17,72.73,35.2,27.1,20.6,0
-0.36,0.17,75.44,35.12,27.1,20.5,0
0.15,0.17,74,35.2,27.1,20.6,0
-0.18,0.17,77.37,35.25,27.1,20.7,0
0.59,0.17,71.74,35.28,27.1,20.6,0
0.01,0.16,79.82,35.21,27.1,20.6,0
-0.28,0.17,76.6,35.2,27.1,20.5,-1
0.04,0.17,74.6,35.29,27.1,20.6,-1
0.09,0.17,72.31,35.31,27.1,20.5,-1
0.08,0.17,71.26,35.36,27.1,20.5,-1
0.28,0.17,71.65,35.42,27.1,20.6,-1
-0.23,0.17,72.89,35.43,27.1,20.5,-1
0.39,0.17,80.13,35.2,27.1,20.4,-1
-0.15,0.17,75.35,35.14,27.1,20.5,-1
-1.38,0.17,75.22,35.05,27.1,20.5,-1
2,0.17,88.33,34.83,27.1,20.6,-1
-0.8,0.18,90.93,34.82,27.1,20.7,-1
-0.2,0.15,82.29,34.68,27.1,20.7,-1
-0.08,0.15,73.33,34.6,27.1,20.5,-1
-1.14,0.14,85.18,34.45,27.1,21.3,-1
0.89,0.16,80.37,34.43,27.1,20.4,-1
0.58,0.15,111.31,34.37,27.1,20.6,-1
0.5,0.15,132.47,34.34,27.1,20.5,-1
-0.5,0.15,101.17,34.56,27.1,20.3,-1
-0.18,0.14,82.14,34.53,27.1,20.4,-1
0.07,0.14,78.45,34.68,27.1,20.4,-1
-1.91,0.12,75.94,34.54,27.1,20.3,-1
1.84,0.11,73.82,33.91,27.1,20.4,-1
-0.12,0.13,77.1,33.85,27.1,20.3,-1
-0.22,0.13,83.95,33.9,27.1,20.3,-1
0.37,0.13,80.64,33.78,27.1,20.2,-1
-0.26,0.14,82.01,33.83,27.1,20.1,-1
0.09,0.13,78.32,33.91,27.1,20.1,-1
0.22,0.12,78.46,33.56,27.1,20.1,-1
-0.09,0.17,80.07,33.75,27.1,20.1,-1
-0.2,0.17,82.51,33.86,27.1,20.1,-1
-0.61,0.2,76.33,33.96,27.1,20.1,0
1.07,0.2,76.98,34.06,27.1,20.1,0
0.41,0.19,79.27,33.99,27.1,20.1,0
-1.27,0.23,91.61,34.05,27.1,20.1,0
1.08,0.23,77.1,34.2,27,20,0
-0.49,0.21,78.45,34.23,27,20,0
0.02,0.24,75.85,34.25,27,20,0
-0.14,0.24,81.07,34.29,27,20,0
-0.1,0.26,85.08,34.32,27,20,0
2.6,0.32,77.73,34.44,27,20,0
-2.41,0.35,75.61,34.48,27,20,0
0.5,0.48,74.81,34.59,27,20,0
-0.51,0.7,77.23,34.7,27,20.1,0
1.16,0.93,81.82,34.87,27,20.1,0
-0.43,0.85,78.8,34.9,27,20.1,0
-0.49,0.68,80.97,34.85,27,20.1,0
-0.25,0.77,80.86,34.87,27,20.1,0
0.52,0.68,77.6,34.95,27,20.1,0
-1.03,0.71,78.66,35.04,27,20.1,0
2.24,0.93,86.95,35.01,26.9,20.1,0
-1.32,1.3,92.6,34.95,26.9,20.1,0
-0.28,1.48,91.35,34.94,26.9,20,0
-1.41,1.37,81.13,34.88,26.9,20.1,0
1.33,1.46,77.81,34.57,26.9,20.1,0
-0.07,1.76,79.43,34.63,26.9,20,0
0.25,2.27,115.09,34.55,26.9,20,0
-0.17,1.84,139.64,34.61,26.9,20,0
-0.33,1.71,105.86,34.65,26.9,20,0
0.94,1.73,107.27,34.59,26.9,19.9,0
0.74,1.93,84.04,34.58,26.9,20,0
-1.45,2.65,77.62,34.61,26.9,19.9,1
-0.12,2.57,79.53,34.47,26.9,19.9,1
0.14,2.46,97.95,34.38,26.9,19.9,1
-0.24,2.61,101.21,34.49,26.8,20,1
-0.31,2.79,86.7,34.64,26.8,20,1
0.59,3.2,94.8,34.59,26.8,20,1
0.13,2.86,93.79,34.59,26.8,20,1
0.29,2.99,87.34,34.46,26.8,20,1
0.25,3.29,80.14,34.59,26.8,19.9,1
-0.51,2.93,87.71,34.82,26.8,20,1
-0.1,2.58,90.14,34.87,26.8,20,1
-0.26,1.86,94.1,34.86,26.8,20,1
0.41,2.79,94.97,34.75,26.8,20,1
-0.2,2.68,79.01,34.74,26.8,20,1
0.08,3.12,79.76,34.84,26.8,20.1,1
-1.6,2.89,93.51,34.93,26.8,20.1,1
0.9,2.27,93.69,34.86,26.8,20.1,1
0.71,2.31,86.57,34.86,26.8,20.1,1
0.03,2.01,90.13,34.92,26.8,20.2,1
-0.09,1.85,91.02,34.95,26.8,20.1,1
0.05,2.07,100,34.79,26.8,20.1,1
-0.34,1.84,100.94,34.63,26.8,20.1,1
0.28,1.5,90.92,34.66,26.8,20.1,1
0,0.92,93.4,34.7,26.7,20,1
0.65,0.76,93.74,34.56,26.7,20.1,1
-0.46,0.85,88.88,34.58,26.7,20.1,1
-0.13,0.82,109.8,34.69,26.7,20.1,1
0.48,0.67,83.6,34.81,26.7,20.1,1
-2.09,0.57,78.91,34.79,26.7,20.1,1
0.92,0.69,73.13,34.71,26.7,20.1,1
0.6,0.9,77.34,34.86,26.7,20.2,1
0.26,1.52,82.13,34.98,26.7,20.1,1
-0.24,2.63,86.51,35.04,26.7,20.2,1
0,2.42,89.17,35.21,26.7,20.2,1
0.02,2.06,86.22,35.42,26.7,20.1,1
0.62,2.2,88.07,35.46,26.7,20.1,1
-0.67,1.57,90.08,35.56,26.7,20.1,1
-0.26,1.08,83.43,35.55,26.7,20.1,1
0.09,0.96,78.59,35.52,26.7,20.1,1
0.36,1,85.47,35.33,26.7,20.1,1
0.18,1.04,87.46,35.42,26.7,20.1,1
-0.45,1.07,84.81,35.54,26.7,20.2,1
-0.43,0.99,74.93,35.59,26.7,20.2,1
-0.05,0.83,61.64,35.69,26.7,20.2,1
1.05,0.8,80.56,35.65,26.7,20.2,1
-0.37,0.9,80.07,35.78,26.6,20.1,1
-0.08,1.07,86.33,35.78,26.6,20.1,1
0.01,1.51,81.73,35.77,26.6,20.1,1
0.02,2.5,85.17,35.84,26.6,20.1,1
0.83,2.94,81.16,35.92,26.6,20.1,1
-0.88,2.45,86.58,35.99,26.6,20.2,1
0.18,1.66,89.24,35.97,26.6,20.2,1
0.32,1.35,85.18,35.94,26.6,20.2,1
-0.46,1.32,82.61,35.91,26.6,20.2,1
-0.08,2.06,83.54,35.97,26.6,20.2,1
-1.26,1.8,80.33,35.99,26.6,20.1,1
1.19,2,83.63,36.03,26.6,20.1,1
-0.07,2.55,85.71,36.03,26.6,20.1,1
0.13,2.69,82.72,35.97,26.6,20.1,1
-0.14,2.07,85.04,35.94,26.6,20,1
0.19,1.62,80.52,35.93,26.6,20.1,1
0.03,1.87,87.31,35.93,26.6,20,1
-0.43,2.57,92,35.95,26.6,19.9,1
0.68,3.06,89.37,35.96,26.5,20,1
-0.53,3.14,113.13,35.91,26.5,20,1
0.05,2.13,119.66,35.88,26.5,19.9,1
0.16,1.23,120.29,35.77,26.5,20.2,1
-1.02,1.34,103.99,35.76,26.5,20,1
1.35,1.29,100.59,35.69,26.5,20,1
-0.36,1.06,91.35,35.63,26.5,20,1
0.08,1.02,82.84,35.62,26.5,20,1
-0.12,1.33,81.2,35.81,26.5,19.9,1
-0.06,1.12,82.13,35.99,26.5,19.8,1
0.02,1.13,87.19,36.01,26.5,19.8,1
0.13,1.03,89.67,36.03,26.5,19.8,1
-0.69,1.01,97.3,35.87,26.5,19.8,1
0.42,0.65,117.77,35.91,26.5,19.9,1
0.35,0.61,114.04,35.95,26.5,19.8,1
-0.03,0.69,118.94,35.97,26.4,19.8,1
-0.04,0.83,130.05,35.81,26.4,19.8,1
0.2,1.51,145.95,35.79,26.4,19.8,1
-0.19,2.32,106.49,35.82,26.4,19.8,1
-2.9,2.3,106.49,35.8,26.4,19.8,1
-0.21,0.03,77.73,32.98,21.9,22.3,1
0.23,0.05,84.5,33.08,22,21.9,1
-0.56,0.06,83.6,33.18,22,21.8,1
1.08,0.37,81.72,33.5,22,22,1
-0.45,0.97,87.44,33.84,22,22,1
0.3,0.76,85.2,34.1,22,22,1
0.26,0.39,79.43,34.1,21.9,22.3,1
-0.69,0.23,87.54,34.08,21.9,22.2,1
0.2,0.1,82.98,34.12,21.9,22,1
0.02,0.25,83.67,34.23,21.9,21.9,1
-0.32,0.67,83.38,34.44,21.9,21.8,1
0.03,1.06,75.96,34.61,22,21.9,1
0.22,1.29,86.98,34.73,22,21.8,1
-0.03,0.82,83.9,34.66,22,21.8,1
-0.18,0.48,83.18,34.65,22,21.8,1
-0.4,0.26,86.59,34.69,22,21.7,1
0.49,0.16,83.98,34.74,22,21.7,1
-0.18,0.1,81.03,34.74,22.1,21.9,1
0.01,0.07,87.11,34.76,22.1,21.6,1
0.09,0.05,82.77,34.77,22.1,21.8,1
-0.01,0.19,86.27,34.8,22.2,21.5,1
-0.22,0.18,85.61,34.82,22.2,21.4,1
0.93,0.17,84.42,34.85,22.2,21.5,1
-0.64,0.16,83.74,34.88,22.3,21.4,1
0.12,0.16,83.08,34.9,22.3,21.3,1
0.01,0.17,81.3,34.82,22.4,22.2,1
-0.01,0.17,81.07,34.85,22.4,21.4,1
0.08,0.16,77,34.87,22.5,21.3,1
-1.41,0.15,65.34,34.84,22.5,21.7,1
1.54,0.15,73.93,34.77,22.5,21.4,1
-0.36,0.03,82.77,34.62,22.5,21.3,1
0.17,0.09,101.95,34.71,22.6,21.3,1
-0.09,0.12,83.41,34.74,22.6,21.2,0
-0.01,0.12,75.83,34.71,22.6,21.2,0
0.46,0.12,75.04,34.79,22.7,21.2,0
-1.87,0.13,82.15,34.84,22.7,21,0
1.06,0.12,82.38,34.86,22.7,20.9,0
0.45,0.12,79.85,34.88,22.7,20.9,0
-0.26,0.12,77.29,34.9,22.8,20.8,0
-0.15,0.11,77.35,34.98,22.8,20.7,0
0.47,0.11,81.06,35.09,22.8,20.5,0
-0.18,0.11,80.82,35.13,22.8,20.5,0
-0.57,0.11,76.87,35.14,22.9,20.4,0
0.59,0.11,75.23,35.15,22.9,20.5,0
-0.13,0.11,78.35,35.05,22.9,20.4,0
0.3,0.12,85.3,34.94,22.9,20.4,0
-0.23,0.14,76.49,34.82,22.9,20.2,0
0.28,0.13,75.8,34.74,23,20.1,0
-0.01,0.13,78.49,34.62,23,20,0
-0.74,0.13,80.2,34.54,23,19.9,0
0.76,0.13,75.36,34.53,23,19.8,0
-0.42,0.12,89.81,34.49,23,19.8,0
0.13,0.13,91.85,34.31,23,19.7,0
-0.34,0.11,80.27,34.27,23.1,19.7,0
0.32,0.13,86.22,34.19,23.1,19.7,0
-0.43,0.14,83.99,34.14,23.1,19.8,0
0.26,0.25,78.23,34.08,23.1,19.8,0
0.33,0.9,81.54,34,23.1,20.2,0
0.03,0.81,76.08,33.98,23.2,19.9,0
-0.09,0.53,76.58,33.9,23.2,20.3,0
-0.01,0.35,78.11,33.96,23.2,20.1,0
0.15,0.22,78.52,34.04,23.3,19.9,0
-0.29,0.12,76.31,34.04,23.3,19.8,1
0,0.07,71.67,34.02,23.3,19.7,1
-0.18,0.15,76.14,33.89,23.3,19.8,1
0.66,0.18,88.21,33.91,23.4,19.9,1
-1.89,0.17,88.15,33.93,23.4,20.1,1
1.67,0.2,86.22,33.69,23.4,19.6,1
0.06,0.2,87.68,33.81,23.4,19.6,1
-0.38,0.21,74.86,33.9,23.4,19.7,1
0.41,0.22,76.61,33.87,23.4,19.2,1
-0.53,0.19,76.57,33.88,23.4,19.3,1
-0.07,0.21,74.42,33.82,23.4,19.3,1
1.46,0.19,80.39,33.77,23.4,19.4,1
-1.05,0.16,84.28,33.68,23.4,19.2,1
-0.09,0.14,79.25,33.65,23.4,19.2,1
0.17,0.16,81.94,33.64,23.4,19.2,1
0.18,0.16,85.2,33.58,23.4,19.1,1
-0.1,0.27,94.41,33.47,23.4,19.1,1
-0.61,0.31,84.96,33.43,23.4,18.9,1
0.44,0.28,98.83,33.12,23.4,18.9,1
-0.03,0.23,83.77,32.75,23.4,18.9,1
-0.11,0.15,81.07,32.86,23.4,18.9,1
0.13,0.14,81.71,32.78,23.4,18.8,1
0.08,0.16,82.53,32.78,23.4,18.7,1
-0.41,0.13,77.21,32.95,23.5,18.7,1
0.37,0.13,76.07,32.92,23.5,18.7,1
-0.05,0.12,74.49,32.97,23.5,18.6,1
-0.26,0.13,72.06,33.05,23.5,18.6,1
0.3,0.14,77.72,33.21,23.5,18.7,1
-0.11,0.14,81.82,33.28,23.5,18.6,1
0.16,0.12,86.06,33.28,23.5,18.7,1
-0.09,0.12,87.81,33.32,23.5,18.7,1
0.15,0.13,74.02,33.43,23.5,18.6,1
-0.01,0.13,68.81,33.45,23.5,18.7,1
-0.12,0.14,87.41,33.5,23.5,18.5,1
0.14,0.13,79.52,33.6,23.5,18.5,1
-0.26,0.12,75.72,33.71,23.5,18.3,1
0.16,0.09,79.73,33.86,23.5,18.3,1
0.01,0.08,79.44,33.89,23.5,18.1,1
-0.09,0.09,76.63,33.86,23.5,18,1
-0.29,0.09,79.6,33.82,23.5,18,1
0.26,0.09,78.05,33.88,23.5,17.9,1
-0.42,0.1,78.07,34.02,23.5,17.8,1
0.24,0.11,77.94,34.17,23.5,17.8,1
0.22,0.1,74.15,34.19,23.5,17.8,1
0.12,0.1,77.93,34.3,23.5,17.7,1
-0.13,0.1,79.22,34.48,23.5,17.6,1
0.01,0.11,86.74,34.54,23.5,17.7,1
-0.05,0.1,89.98,34.49,23.5,17.6,1
0.09,0.12,82.19,34.47,23.5,17.5,1
-0.44,0.11,78.93,34.45,23.6,17.5,1
-0.23,0.13,79.27,34.32,23.6,17.5,1
0.56,0.14,76.21,34.13,23.6,17.5,1
-0.3,0.15,75.03,34.18,23.6,17.5,1
0.33,0.15,79.65,34.22,23.6,17.4,1
-0.57,0.14,77.57,34.2,23.6,17.5,1
0.65,0.15,79.3,34.21,23.6,17.4,1
0,0.15,81.65,34.21,23.6,17.4,1
-0.43,0.16,79.8,34.16,23.6,17.4,1
-0.09,0.16,76.34,34.15,23.6,17.4,1
0.42,0.18,79.43,34.31,23.6,17.4,1
0.17,0.18,80.21,34.46,23.6,17.4,0
-0.28,0.16,82.02,34.54,23.6,17.4,0
-0.29,0.14,81.72,34.6,23.6,17.4,0
0.41,0.13,81.59,34.64,23.6,17.3,0
0.39,0.12,86.29,34.71,23.6,17.4,0
-0.41,0.12,79.63,34.75,23.6,17.2,0
0.73,0.13,78.24,34.79,23.6,17.3,0
0,0.13,81.1,34.75,23.6,17.3,0
-1.02,0.16,84.72,34.83,23.6,17.3,0
0.33,0.2,78.13,34.77,23.6,17.3,0
0.36,0.16,78.01,34.73,23.6,17.3,0
-0.74,0.18,82.67,34.67,23.6,17.3,0
0.49,0.17,77.59,34.69,23.6,17.3,0
-0.39,0.15,79.24,34.59,23.6,17.3,0
0.2,0.14,72.89,34.48,23.6,17.3,0
0,0.12,69.87,34.49,23.6,17.3,0
0.04,0.12,81.25,34.55,23.6,17.3,0
-0.05,0.34,76.5,34.56,23.7,17.2,0
0.03,1.14,78.22,34.57,23.7,17.3,0
-0.23,1.57,77.98,34.73,23.7,17.3,0
0.09,1.26,75.02,34.82,23.7,17.3,0
0.16,0.93,76.26,34.81,23.7,17.2,0
-0.12,0.6,76.66,34.78,23.7,17.2,0
-0.01,0.5,77.54,34.85,23.7,17.1,0
0.19,0.43,80.23,34.94,23.7,17.1,0
0.61,0.31,79.17,35.03,23.7,17,0
-0.76,0.24,90.27,35.01,23.7,17,0
-0.6,0.2,83.44,35.04,23.7,17,0
0.54,0.15,83.48,34.99,23.7,17,0
0.01,0.13,85.92,34.95,23.7,17.1,0
0.4,0.2,88.33,34.84,23.8,17,1
0.06,0.32,90.6,34.7,23.8,17.1,1
-0.5,0.5,78.3,34.65,23.8,17.1,1
0.21,0.66,79.6,34.63,23.8,17.1,1
0.17,0.73,82.16,34.5,23.8,17.1,1
-0.11,0.86,94.08,34.49,23.8,17.1,1
-0.29,1.22,83.57,34.5,23.8,17.1,1
0.04,1.62,80.95,34.48,23.8,17.2,1
0.33,1.32,83.99,34.48,23.8,17.1,1
-2.95,0.99,77.28,34.46,23.8,17.1,1
2.67,0.71,74.78,34.5,23.8,17.1,1
0.17,0.91,80.31,34.57,23.8,17.1,1
-0.4,1.23,81.33,34.57,23.9,17.1,1
-0.5,0.86,81.4,34.58,23.9,17.1,1
0.7,0.72,81.41,34.57,23.9,17.2,1
0.06,0.66,78.75,34.62,23.9,17.2,1
0.44,1.96,80.84,34.65,23.9,17.2,1
0.05,1.4,80.22,34.73,23.9,17.2,1
-0.17,0.88,74.98,34.72,23.9,17.2,1
-0.21,0.65,79.1,34.69,23.9,17.1,1
-0.08,0.56,77.69,34.63,23.9,17.1,1
-0.18,0.59,76.51,34.73,23.9,17.1,1
0.11,0.5,81,34.85,23.9,17.1,1
0.47,0.33,106.38,34.92,23.9,17.1,1
-0.27,0.27,126.65,34.88,24,17.1,1
-0.14,0.34,108.28,34.9,24,17.2,1
-0.2,1.42,77.2,34.89,24,17.2,1
-0.18,2.64,79.33,34.89,24,17.1,1
0.59,2.33,83.12,35.03,24,17.2,1
0.46,2.39,77.19,35.12,24,17.1,1
-0.63,2.5,81.06,35.1,24,17.2,1
-0.08,2.31,87.89,35.12,24,17.3,1
0.22,1.96,82.26,35.26,24,17.1,1
-0.07,2.47,78.93,35.29,24,17,1
0.13,2.01,78.04,35.33,24,17,1
-0.13,1.75,80.67,35.34,24,16.9,1
0.2,1.85,87.35,35.35,24,16.9,1
-1.3,1.37,89.61,35.33,24,16.8,1
1.03,0.92,89.52,35.24,24,16.8,1
0.05,0.68,93.42,35.17,24,16.7,1
-0.15,0.61,80.72,35.09,24,16.6,1
-2.13,0.53,77.45,35.04,24,16.6,1
2.3,0.57,75.69,35.1,24,16.6,1
-0.48,0.57,74.39,35.12,24,16.6,1
0.73,1.15,76.93,35.06,24,16.5,1
-0.55,1.29,92.25,34.94,24.3,21.5,0
-0.19,1.01,109.97,34.88,24.9,20.2,0
0.27,0.93,95.45,34.63,25.1,19.3,0
-0.3,0.62,99.45,34.29,24.9,14.7,0
0.45,0.49,110.67,34.33,25.3,41,0
-1.07,0.4,99.86,34.49,25.6,18,0
1.09,0.29,86.44,34.65,25.2,26.5,0
0.01,0.2,107.04,34.89,25.1,20.1,0
-0.21,0.16,81.46,34.87,25.2,19.6,0
0,0.11,73.93,34.59,25.2,39.7,0
0.18,0.09,81.2,34.39,25.8,44.3,0
-0.5,0.15,89.92,34.36,26.4,46.1,0
0.89,0.18,88.98,34.48,26.3,40.6,0
-0.48,0.16,98.47,34.47,25.7,18.2,0
-0.39,0.19,96.66,34.16,24.8,17.9,0
0.75,0.18,104.83,34.08,24.1,18.4,-1
-0.26,0.17,92.38,34.1,23.6,18.8,-1
-0.09,0.16,86.54,34.12,23.3,18.9,-1
-0.14,0.18,93.87,33.73,23,19.2,-1
0.55,0.18,93.05,33.39,22.8,19.5,-1
-0.3,0.17,83.4,33.32,22.6,19.9,-1
-0.09,0.17,66.29,33.31,22.4,20,-1
0.34,0.15,80.91,33.07,22.2,20.1,-1
-0.99,0.15,78.26,32.88,22,20,-1
-1.6,0.16,85.97,32.81,21.9,20.2,-1
2.27,0.15,95.12,32.65,21.7,20.6,-1
0.41,0.22,96.03,32.49,21.6,21,-1
-0.38,1.2,78.93,32.41,21.5,21.2,-1
0.09,2.1,84.88,32.61,21.4,21.4,-1
0.52,2.36,95.36,32.89,21.3,21.7,-1
-0.42,2.46,100.01,33.07,21.3,21.9,-1
-0.26,2.78,108.55,33.23,21.2,22.1,-1
0.26,2.63,98.92,33.39,21.1,22.3,-1
-0.41,2.42,103.13,33.56,21.1,22.4,-1
0.3,2.81,102.39,33.57,21,22.4,-1
0.56,2.36,96.22,33.6,21,27.2,-1
-0.56,1.26,89.51,33.49,22.1,39.5,-1
-0.09,0.6,99.67,33.5,23.3,43.2,-1
0.07,0.38,95.28,33.53,24.3,42.8,-1
-0.08,0.22,106.92,33.49,25,42.2,-1
0.1,0.14,109.34,33.5,25.4,35.7,-1
0.24,0.09,97.92,33.51,25.7,39,-1
-0.21,0.05,98.14,33.54,25.8,35.5,-1
-0.23,0.16,104.09,33.56,25.9,36.5,-1
0.35,0.18,97.5,33.57,25.9,38.4,-1
-0.22,0.17,89.9,33.67,25.9,38.3,-1
0.74,0.16,96.74,33.75,26,37.9,-1
-0.16,0.15,112.63,33.7,25.7,17.2,-1
-0.76,0.15,105.22,33.39,24.8,17.9,-1
-0.57,0.24,119.77,33.13,24.4,18.1,-1
0.64,0.66,121.24,32.59,24.6,18.2,-1
-0.22,0.95,99.48,32.55,24.5,19.7,-1
1.65,0.88,93.79,32.62,24.4,18,-1
-0.35,2.13,77.71,34.46,24,16.3,1
0.47,1.67,90.78,34.42,24,16.4,1
-0.18,1.62,83.73,34.42,24,16.2,1
0.1,1.31,87.35,34.51,24,16.2,1
0.08,0.96,89.29,34.58,24,16.1,1
0.18,1.58,91.01,34.78,24,16.2,1
-0.48,2.46,93.42,34.98,24,16.1,1
0.24,1.69,89.99,35.09,24,16.1,1
0.21,1.19,90.24,35.15,24,15.9,1
-0.28,1.17,89.57,35.12,24,15.9,1
0.03,1.31,88.01,35.12,24,16.1,1
-1.27,2.21,90.43,35.17,24,15.9,1
1.04,2.79,90.49,35.17,24,15.8,1
0.23,3,88.99,35.13,24,15.9,1
0.1,2.39,90.12,35.15,24,15.9,1
0.02,2.2,90.36,35.2,24,16.1,1
0.27,2.37,91.82,35.24,24,16.1,1
-0.31,1.89,88.1,35.26,24,16.7,1
0.21,1.87,89.47,35.29,24.1,16.6,1
-0.23,3.39,90.4,35.35,24.1,16.6,1
-0.04,3.14,93.48,35.48,24.1,16.6,1
-0.43,2.75,97.5,35.51,24.1,16.7,1
0.45,2.3,94.35,35.49,24.1,16.8,1
-0.02,1.77,98.59,35.44,24.1,17.2,1
0.82,1.83,92.62,35.4,24.1,17.2,1
-0.82,2.15,93,35.3,24.1,17.2,1
-0.1,2.02,87.1,35.27,24.1,17.2,1
0.01,1.88,86.08,35.37,24.1,17.1,1
-0.1,1.58,80.37,35.4,24.1,17,1
0.25,1.69,75.11,35.37,24.1,17,1
-1.33,2.76,91.82,35.37,24.1,16.9,1
0.79,2.37,85.16,35.36,24.2,18.5,1
0.52,1.98,89.33,35.4,24.2,18.3,1
0.15,1.53,84.85,35.44,24.2,18.1,1
-0.17,1.49,81.66,35.42,24.2,18.1,1
0.15,1.2,89.06,35.48,24.3,18.9,1
0.14,0.94,88.32,35.59,24.3,19.1,1
-0.06,0.76,86.41,35.67,24.3,18.2,1
-0.16,0.69,85.94,35.78,24.3,18.3,1
-0.04,0.64,80.04,35.93,24.4,18.3,1
-0.41,0.68,88.06,36.09,24.4,18.6,1
-0.57,0.63,89.43,36.22,24.4,18.5,1
0.95,0.69,90.65,36.31,24.4,18.6,1
-0.04,0.95,92.47,36.39,24.4,18.6,1
0.05,0.76,90.11,36.47,24.5,18.3,1
-0.02,0.62,88.31,36.54,24.5,18.3,1
-0.08,0.55,88.24,36.59,24.5,18.2,1
0.02,1.08,87.43,36.67,24.5,18.3,1
0.21,1.61,88.56,36.76,24.5,18.3,1
-0.17,1.29,86.6,36.79,24.6,18.2,1
0.11,0.98,84.36,36.85,24.6,17.9,1
-0.03,0.79,87.5,36.9,24.6,17.9,1
-0.67,0.66,87.58,36.94,24.6,18.2,1
0.65,0.55,88.42,36.95,24.6,17.8,1
-0.74,0.52,88.59,36.98,24.6,18,1
0.68,0.49,87.29,37.03,24.7,17.9,1
0.03,0.43,88.96,37.09,24.7,19.7,1
0.06,0.42,89.64,37.08,24.7,19.3,1
-1.97,1.49,89.04,36.97,24.7,17.7,1
1.58,2.15,87.22,36.91,24.7,18.2,1
0.3,2.67,94.07,36.82,24.8,18.5,1
0.11,2.07,102.54,36.38,24.8,17.7,1
-0.15,1.5,85.99,36.25,24.8,17.6,1
0.11,0.96,84.06,36.3,24.8,18.2,1
-0.03,0.79,86.61,36.33,24.8,18,1
-0.46,0.76,86.22,36.35,24.9,17.9,1
0.56,1.2,89.1,36.31,24.9,17.7,1
-0.16,1.45,87.51,36.21,24.9,17.6,1
-0.42,1.75,81.2,35.96,24.9,17.2,1
0.5,1.91,78.11,35.76,24.9,17.1,1
0.27,1.91,85.9,35.89,24.9,17.9,1
-0.22,2.16,83.56,35.88,25,18,1
0.31,2.29,76.23,35.7,25,19.1,1
-0.24,2.04,92.32,35.66,25,17.9,1
-0.39,1.91,123.2,35.53,25,18.3,1
0.24,2.09,108.34,35.57,25.1,18.2,1
-0.61,1.89,84.18,35.59,25.1,18,1
0.39,1.58,85.21,35.57,25.1,17.8,1
0.24,2.53,78.89,35.58,25.1,18.9,1
1.08,1.83,79.5,35.63,25.1,18.2,1
-1.17,1.48,90.99,35.65,25.1,18.7,1
-0.06,1.24,84.54,35.76,25.2,20.3,1
-0.03,1.08,74.22,35.8,25.2,18.3,1
-0.02,1.01,83.8,35.7,25.2,18.6,1
0.17,2.11,86.31,35.64,25.2,18.5,1
0.79,2.07,88.37,35.67,25.2,19.8,1
-0.64,2.42,87.46,35.66,25.2,18.4,1
0.27,1.97,78.43,35.7,25.3,18.4,1
-0.36,1.9,85.65,35.8,25.3,17.9,1
0.2,1.72,84.64,35.79,25.3,19.6,1
-0.25,1.59,75.47,35.66,25.3,17.8,1
-0.31,1.46,83.34,35.61,25.3,17.8,1
-0.19,1.67,77.26,35.55,25.3,17.6,1
-0.05,1.47,78.4,35.48,25.3,17.6,1
0.5,1.25,91.66,35.46,25.3,17.4,1
-0.31,1.04,91.98,35.36,25.3,17.1,1
0.59,0.86,90.36,35.32,25.3,17.2,1
-0.16,0.69,85.34,35.31,25.3,16.9,1
-0.08,0.75,80.29,35.16,25.3,17,1
-0.21,0.8,91.93,35.09,25.3,16.9,1
-1.61,0.59,93.35,35.11,25.3,16.7,1
1.7,0.66,78.35,35.08,25.2,16.6,1
0.81,1.07,74.85,34.85,25.2,16.7,1
0.47,1.6,97.46,34.62,25.2,17,1
-1.08,2.08,104.52,34.66,25.2,16.9,1
-0.12,2.44,76.1,34.92,25.2,16.8,1
-0.2,2.61,86.53,35.08,25.2,17,1
0.07,1.9,105.88,35.18,25.2,17.4,1
0.15,1.25,87.27,35.29,25.2,17,1
-0.17,0.95,82.49,35.39,25.2,16.9,1
0.02,0.81,82.4,35.48,25.2,16.7,1
-0.33,1.47,82.14,35.56,25.2,16.8,1
0.59,3.12,80.98,35.57,25.2,16.8,1
1.35,3.85,92.35,35.5,25.2,18.3,1
-1.44,4.15,87.84,35.03,25.2,17.5,1
-0.1,2.87,89.36,34.81,25.3,17.3,1
0.21,3.17,114.55,34.74,25.3,18.3,1
-0.19,3.22,114.71,34.95,25.3,17.3,1
0.23,3.12,82.77,35.11,25.3,17.7,1
-0.29,2.67,81.31,35.25,25.3,18.7,1
0.44,2.11,89.42,35.37,25.3,18.6,1
-0.07,2.09,87.25,35.54,25.4,18.7,1
-0.15,1.84,85.13,35.72,25.4,18.6,1
-0.47,1.51,77.91,35.83,25.4,19.2,1
0.34,2.51,85.15,35.93,25.4,18.6,1
-0.41,3.28,114.23,36.02,25.4,18,1
0.33,3.08,102.77,36.05,25.4,18.1,1
0.59,3.45,87.72,36.09,25.4,18,1
-0.42,2.68,81.64,36.1,25.4,17.7,1
-0.48,3.09,82.59,36.12,25.4,17.9,1
0.25,3.14,83.9,36.13,25.4,17.6,1
0.01,3.1,83.81,36.07,25.4,18.1,1
-0.17,2.42,93.7,35.86,25.4,17.8,1
0.24,2.64,88.7,35.66,25.5,17.8,1
0.03,2.61,89.77,35.66,25.5,17.6,1
-0.04,2.49,90.67,35.74,25.5,17.7,1
0.3,3.69,87.33,35.74,25.5,17.9,1
1.33,3.42,83.69,35.69,25.5,17.2,1
-1.62,3.82,84.59,35.56,25.5,17.5,1
-1.02,4.16,80.8,35.61,25.5,17.6,1
1.11,3.38,83.88,35.49,25.5,17.7,1
0.16,3.41,97.91,35.42,25.5,17.7,1
-0.14,3.53,94.84,35.33,25.5,17.8,1
0.06,3.83,89.64,35.3,25.5,17.6,1
0.05,3.31,85.48,35.38,25.5,17.6,1
-0.02,3.48,94.3,35.46,25.5,17.4,1
-0.43,3.83,90.09,35.54,25.5,17.6,1
2,4.3,81.55,35.64,25.5,17.6,1
0.19,0.03,74.49,33.49,21.9,45,1
-0.1,0.02,75.54,33.46,21.9,45,1
0.08,0.03,81.83,33.48,22.2,28,1
-0.13,0.04,86.95,33.48,22.3,27.6,-1
-0.06,0.03,73.69,33.47,22.3,27.7,-1
0.08,0.04,74.87,33.38,22.3,27.7,-1
-0.02,0.05,76.99,33.27,22.3,28.1,-1
0.02,0.05,94.34,33.2,22.3,28,-1
-0.26,0.06,92.15,33.16,22.3,27.9,-1
-0.06,0.06,90.84,33.18,22.3,27.9,-1
-1.73,0.06,93.58,33.29,22.3,27.8,-1
2.67,0.07,75.17,33.39,22.3,27.8,-1
-0.19,0.07,78.87,33.49,22.3,27.7,-1
0.63,0.08,71.95,33.51,22.4,27.9,-1
-0.73,0.08,75.19,33.53,22.4,27.5,-1
-0.3,0.08,74.11,33.56,22.4,27.5,-1
-0.12,0.08,77.93,33.58,22.4,27.6,-1
-0.06,0.08,76.27,33.54,22.5,27.5,-1
0.11,0.08,76.56,33.51,22.5,27.5,0
0.39,0.08,80.07,33.55,22.5,27.4,0
0.52,0.07,89.3,33.44,22.5,27.8,0
-0.85,0.07,83.23,33.4,22.6,27.6,0
-0.2,0.08,74.33,33.41,22.6,27.4,0
-0.27,0.09,73.96,33.48,22.6,27.3,0
0.39,0.09,80.47,33.47,22.7,27.3,0
-0.26,0.09,78.8,33.49,22.7,27.1,0
0.01,0.09,75.85,33.49,22.7,27,0
-0.11,0.09,76.78,33.48,22.7,26.9,0
0.19,0.09,73.91,33.53,22.8,27.1,0
0.16,0.09,73.86,33.56,22.8,26.9,0
-0.18,0.09,74.62,33.56,22.8,26.8,0
0.1,0.09,75.23,33.57,22.9,26.7,0
-0.05,0.09,72.64,33.59,22.9,27.3,0
0.06,0.1,69.55,33.6,22.9,26.6,0
0.14,0.09,70.5,33.53,22.9,26.7,0
-0.05,0.09,75.34,33.26,23,26.5,0
-0.51,0.1,76.63,33.29,23,26.5,0
0.28,0.1,73.96,33.38,23,26.4,0
-0.23,0.1,73.46,33.41,23.1,26.4,0
0.41,0.1,74.75,33.43,23.1,29.5,0
0.08,0.1,75.11,33.47,23.1,26.5,0
0.11,0.1,73.54,33.49,23.2,26.3,0
-0.57,0.1,76.15,33.47,23.2,27,0
0.31,0.1,71.68,33.48,23.2,26.4,0
0.16,0.1,67.49,33.48,23.3,26.2,0
-0.24,0.1,61.95,33.4,23.3,26.2,0
0.22,0.1,66.16,33.44,23.3,26.4,0
-0.1,0.1,69.87,33.41,23.3,26.2,0
-0.02,0.1,67.56,33.4,23.4,26.5,1
-0.24,0.1,80.62,33.41,23.4,26.4,1
0.13,0.1,95.84,33.4,23.4,26.3,1
0.22,0.1,81.96,33.41,23.5,26.3,1
0.05,0.1,69.39,33.27,23.5,26.4,1
0.11,0.1,70.16,33.28,23.5,26.2,1
-0.26,0.11,74.75,33.19,23.5,26.1,1
0.23,0.11,98.34,33.02,23.6,26.1,1
0.07,0.11,105.19,33.03,23.6,26.2,1
-0.6,0.11,83.31,33.25,23.6,26,1
0.21,0.11,80.05,33.27,23.6,26.4,1
-0.68,0.14,80.29,32.95,23.7,26.2,1
0.71,0.11,73.84,32.84,23.7,26.5,1
0.38,0.1,74.62,32.74,23.7,26.4,1
-0.6,0.11,74.26,32.93,23.8,26.2,1
0.53,0.11,75.02,33.11,23.8,26.2,1
0.19,0.1,80.3,33.06,23.8,26.5,1
-0.43,0.1,79.5,32.88,23.9,26.2,1
0.38,0.1,76.19,32.93,23.9,26.9,1
-0.88,0.02,87.56,32.63,23.9,26.7,1
0.52,0,78.67,32.49,24,27,1
0.05,0.02,115.76,32.48,24,26,1
-1.06,0.03,116.95,32.48,24,26.1,1
1.21,0.04,104.52,32.47,24.1,25.6,1
-0.21,0.04,87.6,32.53,24.1,25.5,1
-0.67,0.05,74.87,32.51,24.1,25.8,1
0.43,0.06,78.56,32.33,24.2,26.3,1
0.33,0.05,81.31,32.39,24.2,25.3,1
0.04,0.06,73.31,32.39,24.2,25.2,1
-0.08,0.08,76.19,32.35,24.3,25.2,1
-0.14,0.09,72.29,32.26,24.3,25.4,0
0.38,0.08,71.28,32.32,24.3,25.2,0
-0.07,0.08,75.98,32.4,24.3,25.1,0
-0.29,0.08,79.57,32.28,24.3,26.1,0
0.14,0.08,79.22,32.1,24.4,27.3,0
-0.12,0.07,80.96,32.25,24.4,26,0
0.16,0.08,74.86,32.27,24.5,26.1,0
1.74,0.07,73.7,32.26,24.6,25.4,0
-1.82,0.08,72.83,32.34,24.6,24.8,0
-0.7,0.09,71.96,32.46,24.6,24.6,0
-1.13,0.08,70.37,32.52,24.6,24.8,0
1.88,0.08,84.55,32.55,24.7,24.6,0
-0.86,0.05,103.29,32.54,24.7,24.6,0
0.13,0.12,101.84,33.36,24.5,23,-1
0.06,0.12,74.79,33.32,24.5,23.2,-1
0.43,0.12,70.37,33.37,24.5,23.2,-1
-0.66,0.11,74.09,33.38,24.6,23.9,-1
-0.68,0.1,74.08,33.29,24.6,23.5,-1
0.9,0.08,69.34,33.23,24.6,23,-1
-0.55,0.09,73.54,33.22,24.6,23.2,-1
0.46,0.09,65.66,33.23,24.6,23.2,-1
0.14,0.09,69.21,33.2,24.7,22.6,-1
-0.42,0.1,76.61,33.29,24.7,22.8,-1
0.15,0.11,74.91,33.39,24.7,22.8,0
0.01,0.11,76.45,33.39,24.7,22.7,0
1.03,0.11,72.23,33.38,24.7,23.3,0
-1.23,0.1,75.55,33.35,24.7,22.9,0
0.06,0.11,68.99,33.39,24.7,22.9,0
0.09,0.11,68.55,33.42,24.7,22.8,0
0.16,0.11,75.63,33.41,24.7,22.6,0
-0.82,0.11,75.9,33.33,24.7,22.8,0
0.53,0.11,72.52,33.38,24.7,22.8,0
0.56,0.11,78.78,33.4,24.7,22.9,0
-0.51,0.11,91.49,33.41,24.8,22.7,0
-1.07,0.11,95.05,33.34,24.8,22.7,0
1.45,0.13,79.22,33.22,24.8,22.8,0
-0.14,0.12,83.43,33.25,24.8,22.1,0
0.02,0.14,75.53,33.19,24.8,22.2,0
-0.39,0.12,75.13,33.12,24.8,22.5,-1
0.11,0.11,80.12,32.87,24.8,22.4,-1
0.79,0.11,72.7,33.09,24.8,22.5,-1
-0.69,0.12,70.62,33.09,24.8,22.4,-1
0.03,0.12,68.42,33.17,24.8,22.7,-1
0.48,0.11,75,33.22,24.8,22.8,-1
-0.4,0.12,96.08,33.23,24.8,22.6,-1
0.01,0.12,92.13,33.29,24.8,22.5,-1
-0.16,0.13,101.15,33.36,24.9,22.5,-1
0.16,0.13,73.67,33.33,24.9,22.3,-1
-0.38,0.13,71.78,33.27,24.9,22.3,-1
0.49,0.12,77.2,33.28,24.9,22.2,-1
-0.53,0.12,76.42,33.37,24.9,23.3,-1
0.19,0.12,75.36,33.34,24.9,22.3,-1
0.04,0.12,76,33.32,24.9,22.1,-1
0.2,0.12,72.19,33.37,24.9,22.2,-1
-0.5,0.13,71.25,33.47,24.9,22.2,-1
0.41,0.12,74.67,33.5,24.9,22.1,-1
0.05,0.12,73.54,33.4,24.9,21.8,-1
0.1,0.12,68.27,33.45,24.9,21.9,-1
-0.1,0.12,71.04,33.39,24.9,21.9,-1
0.22,0.13,70.5,33.32,24.9,21.9,-1
-0.15,0.13,74.16,33.39,24.9,22,-1
-1.21,0.13,73.48,33.48,24.9,21.9,-1
1.04,0.13,71.3,33.48,24.9,22,-1
0.07,0.13,65.94,33.45,24.9,21.9,-1
0.14,0.13,75.71,33.47,24.9,21.8,-1
-0.05,0.13,77.53,33.53,24.9,21.9,-1
-0.03,0.13,79.65,33.49,24.9,21.9,-1
-0.11,0.13,74.07,33.53,24.9,21.8,-1
0.07,0.13,71.03,33.58,24.9,21.8,-1
-0.09,0.12,68.46,33.53,24.9,21.9,-1
1.01,0.13,77.56,33.43,24.9,22,-1
13.84,0.12,85.23,33.31,24.9,22,-1
0.17,0.11,66.22,33.39,24.9,21.3,-1
0.03,0.12,71.55,33.37,24.9,21.5,-1
-0.3,0.14,73.84,33.35,24.9,21.7,-1
0.16,0.12,69.9,33.31,24.9,21.7,-1
-0.1,0.08,73.52,33.27,24.9,22.2,-1
-0.37,0.1,81.86,33.22,24.9,22.1,-1
0.5,0.12,82.34,33.21,24.9,21.7,-1
-0.08,0.12,70.21,33.32,25,21.9,-1
0.09,0.11,68.75,33.36,25,21.3,-1
-0.02,0.12,67.95,33.45,25,21.4,-1
-0.48,0.12,71.86,33.49,25,21.3,0
0.38,0.12,78.06,33.42,25,21.2,0
-0.01,0.12,71.74,33.4,25,21.5,0
0.07,0.12,70.66,33.39,25,21.4,0
0.4,0.13,77.86,33.35,25,21.3,0
-0.46,0.13,77.36,33.33,25,20.9,0
0.11,0.13,71.58,33.33,25,21.2,0
-0.19,0.13,69.49,33.33,25,21.3,0
0.05,0.13,72.45,33.34,25,20.8,0
1.29,0.13,70.07,33.35,25,21.2,0
-0.98,0.12,72.2,33.3,25,20.8,0
-0.33,0.13,73.71,33.19,25,20.8,0
-0.18,0.13,72.72,33.21,25,21,0
0.43,0.12,72.43,33.27,25,20.6,0
-0.12,0.13,71.5,33.27,25,20.7,0
0,0.13,67.4,33.31,25,20.8,0
0.3,0.13,71.2,33.28,25,20.7,0
-0.17,0.13,71.36,33.24,25,20.7,0
-0.44,0.13,70.86,33.25,25,20.7,0
0.96,0.13,76.6,33.18,25,20.5,0
-0.64,0.13,88.5,33.11,25,22.4,0
0,0.14,77.99,33.12,25,21,0
-0.03,0.14,103.72,33.12,25,20.2,0
-0.04,0.15,79.36,33.1,25,20.1,0
0.03,0.15,66.58,33.11,25,20.1,0
0.57,0.13,74.29,32.93,25,19.7,0
-0.8,0.13,69.34,32.9,25,19.6,0
-0.27,0.13,75.04,32.98,25,20,0
0.62,0.12,76.9,32.99,25,20,0
-0.08,0.12,72.88,32.91,25,19.8,0
1.28,0.12,76.77,32.76,25,19.7,0
-1.94,0.12,75.84,32.88,25,19.7,0
0.67,0.13,85.78,33.01,25,20.1,0
0.2,0.1,81.42,33.03,25,20.4,0
-0.33,0.13,74.75,32.92,25,20.2,0
0.17,0.13,71,32.98,25,21.5,0
-0.2,0.13,68.87,33.02,25,20.5,0
-0.06,0.13,70.07,33.08,25,20.5,0
-0.2,0.13,72.9,33.15,25,20.6,0
0.38,0.13,77.64,33.11,25,20.5,0
-0.07,0.13,74.37,33.12,25,20.6,0
0.06,0.13,72.97,33.07,25,20.5,0
-0.89,0.13,82.94,32.92,25,21,0
1.13,0.13,84.99,32.97,25,20.3,0
-0.95,0.13,70.86,32.94,25,20.3,0
0.38,0.13,62.07,32.57,25,20.5,1
0.2,0.13,75.49,32.57,25,20.4,1
0.21,0.13,78.39,32.79,25,20.4,1
-0.12,0.13,75.01,32.88,25.1,20.5,1
0.03,0.14,73.3,32.93,25.1,20.9,1
-0.04,0.14,73.99,32.97,25.1,20.6,1
0.27,0.14,76.4,32.92,25.1,20.8,1
-0.2,0.14,89.38,32.92,25.1,20.9,1
0.99,0.13,77.97,32.92,25.1,21.8,1
-1.06,0.13,76.42,32.81,25.1,20.7,1
-2.44,0.12,71.76,32.85,25.1,20.7,1
2.43,0.11,70.1,32.5,25.1,20.9,1
-0.11,0.13,77.34,32.46,25.1,20.9,1
-0.47,0.14,71.31,32.61,25.1,20.7,1
0.57,0.15,82.28,32.68,25.1,20.4,1
0.02,0.14,93.09,32.79,25.1,20.6,1
0.12,0.14,78.29,32.83,25.2,20.5,1
-0.46,0.14,74.58,32.77,25.2,20.6,1
0.41,0.14,76.63,32.75,25.2,20.6,1
-0.5,0.14,76.83,32.8,25.2,20.7,1
1.84,0.14,75.15,32.83,25.2,20.6,1
-1.34,0.14,77.97,32.84,25.2,20.5,1
-0.07,0.14,78.6,32.93,25.2,20.7,1
-0.11,0.14,75.89,32.96,25.2,21,1
0.64,0.14,69.46,32.96,25.2,20.6,1
-0.01,0.14,73.43,32.96,25.2,20.6,1
-0.43,0.14,76.6,32.96,25.2,20.6,1
-0.45,0.14,74.24,32.92,25.3,20.7,1
0.67,0.14,78.75,32.89,25.3,20.6,1
-0.66,0.14,80.06,32.87,25.3,21,1
0.31,0.14,73.02,32.81,25.3,20.7,1
0.23,0.14,76.89,32.81,25.3,20.7,1
-0.29,0.13,77.65,32.72,25.3,20.7,1
-0.2,0.14,73.06,32.78,25.3,20.6,1
0.11,0.14,73.62,32.81,25.3,20.5,1
-0.3,0.14,78.64,32.79,25.3,20.4,1
0.96,0.14,83.67,32.79,25.3,20.5,1
-0.32,0.14,76.42,32.81,25.3,20.5,1
0.17,0.14,76.45,32.75,25.3,20.9,1
0.14,0.14,75.42,32.7,25.3,20.5,1
-0.85,0.14,61.97,32.75,25.3,20.6,1
0.7,0.14,72.77,32.82,25.3,20.5,1
-0.13,0.14,71.32,32.87,25.3,20.6,1
-0.04,0.14,80.27,32.92,25.4,20.5,1
-0.17,0.15,83.5,32.95,25.4,20.4,1
0.18,0.14,72.14,32.97,25.4,20.9,1
-0.23,0.14,66.27,32.97,25.4,20,1
-0.22,0.15,69.12,33.01,25.4,20,1
0.55,0.15,62.76,33.06,25.4,20.4,1
-0.2,0.15,75.04,33.14,25.4,20.4,1
-0.27,0.15,80.55,33.18,25.4,20.3,1
0.16,0.15,91.14,33.22,25.4,20.3,1
0.58,0.15,100.72,33.23,25.4,20.2,1
-0.42,0.15,114.01,33.26,25.4,20.2,1
-0.74,0.15,95.38,33.27,25.4,20.2,1
0.65,0.15,77.6,33.26,25.4,20.4,1
0.2,0.15,77.06,33.26,25.4,20.3,1
-0.33,0.15,75.16,33.34,25.5,20.5,1
-0.07,0.16,72.86,33.39,25.5,20.6,1
0.23,0.15,76.44,33.39,25.5,20.8,1
0.06,0.15,78.26,33.4,25.5,20.4,0
-0.14,0.14,71.47,33.36,25.5,20.3,0
0.04,0.15,69.58,33.32,25.5,21,0
0.05,0.15,71.74,33.32,25.5,20.2,0
-0.29,0.15,86.02,33.2,25.5,20.4,0
-0.25,0.15,90.39,33.14,25.5,20.4,0
0.74,0.14,88.03,33.18,25.5,20.2,0
-0.15,0.15,85.74,33.21,25.5,20.1,0
-0.06,0.14,77.31,33.08,25.5,20.4,0
0.02,0.15,72.94,32.92,25.5,20.5,0
-0.15,0.15,70.27,33.07,25.5,20.5,0
0.28,0.15,71.81,33.16,25.6,20.5,0
-0.06,0.14,80.12,33.21,25.6,20.5,0
-0.06,0.14,80.66,33.16,25.6,20.6,0
-0.38,0.14,72.11,33.06,25.6,20.5,0
0.34,0.14,91.85,32.9,25.6,20.5,-1
-1.05,0.15,83.48,32.61,25.6,20.8,-1
0.84,0.16,73.4,32.78,25.6,20.5,-1
0.35,0.15,73.37,32.87,25.6,20.4,-1
-0.97,0.15,78.06,32.76,25.6,20.3,-1
0.93,0.15,88.78,32.74,25.6,20.4,-1
-0.22,0.14,77.72,32.97,25.6,20.6,-1
0.1,0.14,75.37,33.11,25.6,20.5,-1
-0.18,0.14,74.97,33.15,25.6,20.5,-1
-0.22,0.14,76.24,33.16,25.6,20.7,-1
0.7,0.14,76.87,33.17,25.6,20.8,-1
-0.47,0.14,73.97,32.95,25.6,21.4,-1
0.26,0.14,76.67,33.09,25.7,20.7,-1
-0.01,0.14,77.51,33.19,25.7,20.7,-1
-0.2,0.15,74.51,33.32,25.7,20.4,-1
0.39,0.15,78.95,33.38,25.7,20.5,0
-0.23,0.15,77.19,33.42,25.7,20.2,0
-0.11,0.14,75.83,33.39,25.7,20.2,0
2.35,0.14,75.38,33.39,25.7,21,0
-2.48,0.15,73.66,32.95,25.7,20.5,0
-1.13,0.16,75.71,32.98,25.7,20.4,0
2.53,0.16,89.43,33,25.7,20.2,0
-1.14,0.16,77.19,32.85,25.7,20.2,0
-0.25,0.15,71.45,32.75,25.7,20,0
0.23,0.16,75.7,32.69,25.7,19.9,0
-0.1,0.15,79.58,32.86,25.7,20.1,0
-0.15,0.14,73.55,32.95,25.7,20,0
-0.1,0.14,82.09,32.88,25.7,20.3,0
0.35,0.15,77.36,33.04,25.7,20,0
-1.07,0.16,75.54,33.13,25.8,19.9,0
1.26,0.15,95.8,33.06,25.8,19.9,0
-0.22,0.16,100.26,33.02,25.8,19.6,0
0.78,0.14,111.16,33.04,25.8,19.6,0
-0.01,0.14,130.77,33.14,25.8,19.5,0
-0.78,0.14,102.7,33.22,25.8,20.5,0
-1.39,0.11,81.53,33.22,25.8,20.3,0
1.48,0.16,73.83,33.17,25.8,20,0
-0.08,0.15,77.34,33.15,25.8,19.8,0
0.13,0.15,74.72,33.16,25.8,20.1,0
-0.18,0.14,75.09,33.04,25.8,20.1,0
0.24,0.14,73.42,32.96,25.8,19.9,0
-0.26,0.14,83.38,32.99,25.8,19.7,0
0.18,0.15,94.93,33.02,25.8,20.3,0
-0.04,0.15,120.23,33.1,25.8,19.7,0
0.92,0.15,87.49,33.17,25.8,19.9,0
-1.03,0.14,77.39,33.16,25.8,20,1
0.13,0.15,85.45,33.21,25.8,20.2,1
-0.06,0.14,109.43,33.25,25.8,19.9,1
-0.51,0.14,108.98,33.3,25.8,20,1
0.52,0.15,81.46,33.31,25.8,20,1
0.03,0.16,82.71,32.92,25.8,20,1
0.04,0.16,68.12,32.94,25.8,20.1,1
-0.55,0.15,59.56,32.72,25.8,20,1
0.26,0.16,67.79,32.49,25.8,19.6,1
-0.85,0.16,73.94,32.72,25.8,19.6,1
0.97,0.15,80.53,32.69,25.9,19.9,1
0.14,0.15,77.69,32.51,25.9,19.7,1
-0.07,0.16,73.28,32.74,25.9,19.5,1
0.03,0.15,71.51,32.92,25.9,19.5,1
-0.12,0.16,76.91,32.94,25.9,19.3,1
0.16,0.19,76.44,32.95,25.9,20.9,1
-0.06,0.19,84.76,32.97,25.9,19.5,1
1.07,0.18,85.05,32.97,25.9,19.9,1
-1.14,0.18,78.16,33.05,25.9,19.8,1
-0.23,0.18,76.85,33.19,25.9,20.9,1
0.35,0.17,77.2,33.29,25.9,19.9,1
-0.27,0.17,72.36,33.41,25.9,20.2,1
0.37,0.17,71.85,33.48,25.9,19.8,1
-0.09,0.16,81.55,33.54,26,19.7,1
-0.11,0.15,72.21,33.49,26,19.8,1
-0.01,0.16,80.52,33.56,26,19.7,1
-0.02,0.16,77.98,33.62,26,19.8,1
0.15,0.16,79.49,33.65,26,20.2,1
-0.09,0.16,83.77,33.67,26,19.4,1
0.34,0.15,84.44,33.75,26,19.6,1
-0.32,0.15,62.65,33.67,26,19.3,1
0.19,0.15,69.3,33.7,26,19.2,1
-0.14,0.15,76.12,33.67,26,19.3,1
-0.06,0.16,77.44,33.7,26,19.4,1
0.12,0.15,81.04,33.69,26,19.4,1
-0.15,0.16,79.85,33.66,26,19.6,1
0.1,0.16,73.1,33.25,26,19.6,1
0.01,0.17,76.72,33.45,26,19.3,1
-0.13,0.17,76.58,33.41,26,19.3,1
0.23,0.17,71.25,33.56,26,19,1
-0.08,0.17,80.77,33.68,26,19.3,1
-0.29,0.17,77.67,33.73,26,19.3,1
0.19,0.17,75.3,33.77,26,19.2,1
-0.36,0.16,81.52,33.83,26.1,19.3,1
0.25,0.18,123.12,33.83,26.1,19.1,1
0.78,0.2,99.48,33.8,26.1,20.1,0
-0.66,0.23,75.06,33.75,26.1,19.7,0
-0.03,0.2,71.86,33.71,26.1,19,0
-0.06,0.18,75.7,33.73,26.1,18.9,0
0.87,0.18,78.68,33.6,26.1,18.7,0
-0.51,0.17,69.33,33.56,26.1,18.8,0
-0.37,0.22,73.55,33.62,26.1,18.7,0
0.11,0.19,71.22,33.37,26.1,18.7,0
-0.11,0.19,74.73,33.36,26.1,18.6,0
0.07,0.22,73.66,33.55,26.1,18.7,0
-0.48,0.3,88.96,33.39,26.1,18.6,0
0.21,0.26,107.79,33.43,26.1,18.7,0
0.35,0.22,79.27,33.42,26.1,18.6,0
-0.46,0.25,80.08,33.46,26.1,18.4,0
0.32,0.24,71.47,33.5,26.1,18.4,0
0.13,0.18,80.42,33.55,26.1,18.3,0
0.13,0.23,76.51,33.43,26.1,18.2,0
-0.26,0.29,78.26,33.46,26.1,18.3,0
-0.39,0.25,87.06,33.57,26.1,18.4,0
0.43,0.28,87.04,33.57,26,18.3,0
0,0.27,83.04,33.53,26,18.3,0
0.09,0.3,90.86,33.53,26,18.3,0
0.02,0.28,77.22,33.5,26,18.5,0
-0.03,0.26,71.07,33.7,26,18.4,0
-0.22,0.24,77.21,33.71,26,18.4,0
0.27,0.29,78.3,33.76,26,18.5,0
0.03,0.26,74.1,33.89,26,18.6,0
-0.16,0.25,76.93,33.94,26,18.4,0
0.2,0.28,77.56,33.93,26,18.3,0
-0.2,0.24,89.19,33.88,26,18.2,0
-0.05,0.24,84.26,33.73,26,18.2,0
0.36,0.26,88.45,33.65,26,18.3,0
0.31,0.22,81.91,33.61,26,18,0
-0.95,0.17,87.49,33.37,26,18,0
0.44,0.17,78.7,33.41,26,18.2,0
0.17,0.14,79.61,33.54,26,18.4,0
-0.49,0.17,77.3,33.52,26,18.1,0
0.09,0.17,59.15,33.68,26,18,0
0.37,0.25,59.8,33.68,26,18.1,0
0.13,0.27,62.88,33.57,25.9,18.3,0
-0.24,0.2,78.35,33.5,25.9,18.1,0
-0.12,0.2,78.96,33.46,25.9,18.3,0
0.18,0.19,76.31,33.51,25.9,17.9,0
-0.09,0.17,77.17,33.61,25.9,18,0
-0.04,0.16,77.77,33.48,25.9,17.9,0
0.04,0.18,76.6,33.42,25.9,18.2,-1
-0.03,0.16,79.2,33.36,25.9,18.4,-1
0.22,0.21,81.91,33.13,25.9,18,-1
-0.31,0.17,94.76,33.1,25.9,18.1,-1
1.15,0.16,80.45,33.17,25.9,17.6,-1
-1.03,0.14,78.7,32.86,25.8,17.7,-1
0.45,0.14,72.37,32.97,25.8,17.6,-1
-0.5,0.21,72.47,32.93,25.8,17.6,-1
-0.11,0.19,71.31,32.95,25.8,17.6,-1
-0.04,0.22,75.27,33.23,25.8,17.5,-1
0.16,0.39,75.87,33.23,25.8,17.6,-1
0.57,0.37,78.3,33.34,25.8,17.6,-1
-0.36,0.32,73.28,33.38,25.8,17.6,-1
-0.28,0.31,70.78,33.49,25.8,17.5,-1
0.19,0.28,81.79,33.54,25.8,17.5,-1
-0.13,0.39,73.11,33.55,25.8,17.5,0
0.54,0.35,68.71,33.58,25.8,17.5,0
-0.63,0.36,88.79,33.53,25.8,17.7,0
-0.17,0.44,103.93,33.65,25.8,17.7,0
0.42,0.39,78.92,33.73,25.7,17.5,0
0.35,0.3,77.99,33.72,25.7,17.4,0
-0.57,0.29,97.38,33.72,25.7,17.7,0
0.64,0.25,89.06,33.72,25.7,17.5,0
-0.7,0.2,84.1,33.74,25.7,17.5,0
0.19,0.21,86.93,33.71,25.7,17.5,0
-0.16,0.23,92.27,33.63,25.7,17.6,0
1.41,0.24,107.84,33.61,25.7,17.7,0
-0.59,0.26,107.15,33.47,25.7,17.7,0
-1.64,0.24,92.82,33.53,25.6,17.6,0
0.06,0.23,79.74,33.49,25.6,18,0
-0.62,0.21,78.14,33.46,25.6,18,0
-0.19,0.24,77.6,33.57,25.6,17.7,0
1.46,0.37,76.94,33.76,25.6,17.7,0
0.04,0.54,82.7,33.71,25.6,17.5,0
0.23,0.55,77.48,33.64,25.6,17.4,0
1.57,0.5,72.81,33.8,25.6,17.5,0
-1.45,0.38,75.68,33.87,25.6,17.4,0
-0.51,0.33,77.6,33.97,25.6,17.4,0
0.31,0.3,79.18,33.95,25.6,17.3,0
0.06,0.52,81.38,33.94,25.5,17.3,0
0.29,0.48,79.67,33.95,25.5,17.4,0
-0.29,0.5,77.67,33.99,25.5,17.2,0
0.19,0.9,87.1,34.15,25.5,17.1,0
-0.2,0.74,81.82,34.22,25.5,17.3,0
0.3,0.63,82,34.14,25.5,17.3,0
-0.49,0.68,75.21,34.12,25.5,17.3,1
0.08,0.65,83.16,34.26,25.5,17.3,1
0.07,0.57,87.12,34.31,25.5,17.3,1
-0.31,0.48,84.87,34.19,25.5,17.1,1
0.08,0.89,71.19,34.21,25.4,17.1,1
0.64,1.32,68.32,34.15,25.4,16.9,1
-0.5,1.37,79.13,34.17,25.4,17,1
0.21,1.3,91.93,34.16,25.4,17.1,1
-0.98,1.15,95.31,34.16,25.4,16.9,1
0.28,1.06,82.71,34.22,25.4,16.9,1
2.08,0.81,80.84,34.31,25.4,16.8,1
-1.49,0.65,89.43,34.31,25.4,16.9,1
0.6,0.72,95.02,34.3,25.4,16.8,1
-0.56,0.65,89.22,34.37,25.4,16.8,1
-0.06,0.6,88.17,34.42,25.4,16.7,1
-0.42,0.47,80.57,34.43,25.3,16.7,1
0.48,0.6,82.8,34.43,25.3,16.7,1
0.08,0.66,83.45,34.45,25.3,16.7,1
-0.25,0.8,83.6,34.48,25.3,16.7,1
0.07,0.77,75.81,34.52,25.3,16.9,1
0.38,0.97,78.01,34.47,25.3,16.8,1
-0.38,0.85,78.09,34.47,25.3,16.9,1
0,0.61,75.92,34.47,25.3,16.8,1
0.31,0.66,79,34.44,25.3,16.8,1
-0.85,0.78,80.94,34.49,25.3,16.9,1
0.52,1.09,79.69,34.58,25.3,16.8,1
-0.21,1.21,78.97,34.64,25.3,16.9,1
-2.15,0.89,80.58,34.68,25.3,16.8,1
2.82,1.74,75.63,34.66,25.3,16.8,1
-0.59,1.98,78.74,34.63,25.2,16.8,1
-0.18,2.07,77.76,34.77,25.2,16.9,1
0.62,1.2,70.08,34.91,25.2,16.8,1
-0.13,1.07,78.81,35.1,25.2,16.8,1
-0.02,1.78,79.55,35.26,25.2,17,1
-0.46,2.42,80.28,35.28,25.2,16.8,1
0.4,2.35,78.57,35.27,25.2,16.8,1
-0.5,2.7,82.99,35.33,25.2,16.8,1
0.53,2.31,80.06,35.4,25.2,16.9,1
-0.12,1.83,76.03,35.43,25.2,16.8,1
0.36,1.61,77.32,35.47,25.2,16.9,1
-0.59,1.11,76.67,35.53,25.2,16.7,1
0.34,1.01,79.39,35.56,25.2,17,1
-0.01,0.84,82.35,35.59,25.2,17,1
-0.01,0.98,78.99,35.64,25.2,17,1
-1.06,0.76,85.14,35.56,25.1,17,1
1.15,0.92,72.58,35.44,25.1,16.9,1
-0.05,0.98,77.29,35.43,25.1,16.9,1
0.3,1.53,74.55,35.49,25.1,17.2,1
-0.53,1.43,83.95,35.59,25.1,16.9,1
-0.32,1.93,72.67,35.64,25.1,17,1
0.55,1.68,75.41,35.59,25.1,17.3,1
-0.09,1.53,80.34,35.59,25.1,17.1,1
0.02,1.41,88.79,35.63,25.1,17,1
-0.68,1.15,79.97,35.66,25.1,17.1,1
0.58,1.95,78.15,35.68,25.1,17.1,1
0.12,1.57,75.48,35.7,25.1,17.3,1
-0.04,1.78,73.18,35.63,25.1,17.2,1
0.11,2.05,74.76,35.53,25.1,17.3,1
0.81,1.82,66.46,35.38,25.1,17.3,1
-1.57,1.54,79.71,35.23,25.1,17.4,1
0.79,2.38,78.65,35.43,25.1,17.4,1
-0.16,2.07,76.65,35.58,25.1,17.4,1
-0.31,2.2,82.81,35.56,25.1,17.5,1
0.05,2.24,92.91,35.56,25.1,17.5,1
0.19,2.5,79.17,35.55,25.1,17.5,1
-0.07,2,76.38,35.54,25.1,17.5,1
0.09,2.11,76.08,35.5,25.1,17.5,1
0.07,2.43,83.23,35.5,25.1,17.5,1
-0.02,2.76,81.67,35.45,25.1,17.5,1
-0.17,2.41,77.9,35.3,25,17.5,1
0.16,2.29,71.69,35.11,25,17.5,1
0.22,2.7,67.15,35.14,25,17.5,1
0.58,2.32,81.37,35.18,25,17.4,1
0.08,2.31,80.83,35.34,25,17.4,1
-0.85,2.42,80.72,35.47,25,17.4,1
0.02,2.2,79.58,35.46,25,17.4,1
-0.49,2.71,81.27,35.53,25,17.4,1
0.27,2.41,76.14,35.57,25,17.4,1
-1.05,2.81,78.53,35.64,25,17.4,1
1.55,2.51,73.88,35.58,25,17.3,1
0.03,2.54,88.47,35.53,25,17.3,1
2.12,2.34,87.02,35.44,25,17.4,1
-2.46,2.6,85.77,35.4,25,17.3,1
0.09,2.12,82.17,35.46,25,17.3,1
-0.43,1.89,78.89,35.51,25,17.2,1
0.36,2,81.82,35.48,25,17.5,1
-0.27,1.82,83.75,35.22,25,17.5,1
0.18,1.41,91.27,35.08,25,17.5,1
-0.16,1.39,82.41,34.97,25,20.3,1
0.29,0.34,68.12,35,21.5,32.7,1
-0.26,0.27,74.57,34.89,21.7,23,1
-1.09,0.2,82.59,34.74,21.8,22.5,1
1.12,0.14,76.17,34.62,21.9,22,1
0.03,0.15,69.7,34.44,21.9,22.3,1
-0.39,0.19,76.98,34.25,21.9,21.6,1
0.16,0.13,65.7,34.23,22,21.7,1
-0.06,0.13,74.25,34.22,22,21.9,1
0.66,0.13,78.79,34.2,22,21.8,1
-0.31,0.12,69.82,34.23,22,22,1
-0.19,0.11,63.6,34.24,22,21.8,1
-1.75,0.1,77.13,34.19,22.1,22.2,1
2.45,0.11,96.27,34.1,22.1,22.1,1
-2.05,0.11,98.03,34.09,22.1,22.2,1
1.57,0.11,75.16,34.08,22.2,22,1
-0.71,0.12,74.07,34.07,22.2,21.9,1
-0.96,0.12,78.97,34.06,22.2,21.8,1
0.81,0.14,78.5,34.07,22.2,21.8,1
1.05,0.13,80.82,34.29,22.3,21.7,1
-0.77,0.14,73.47,34.39,22.3,21.9,1
1.36,0.12,85.48,34.37,22.3,21.7,1
-0.91,0.11,79.92,34.41,22.4,21.6,1
0.03,0.11,73.35,34.44,22.4,21.6,1
-0.15,0.11,73.62,34.4,22.4,21.5,1
1.14,0.11,72.73,34.39,22.5,21.5,1
-1.08,0.11,74.46,34.42,22.5,21.5,1
0.01,0.11,75,34.6,22.5,21.4,0
0.7,0.11,78.61,34.56,22.6,21.4,0
-0.29,0.11,78.96,34.56,22.6,21.3,0
-0.28,0.11,76.63,34.59,22.6,21.3,0
-0.34,0.1,70.17,34.59,22.6,21.2,0
0.52,0.11,75.38,34.49,22.7,21.2,0
-0.21,0.1,84.69,34.46,22.7,21.2,0
0.53,0.11,89.12,34.39,22.7,21.1,0
-0.83,0.12,79.7,34.31,22.7,21.1,0
0.15,0.11,76.44,34.32,22.8,21.1,0
0.31,0.11,82.52,34.29,22.8,21,0
-0.21,0.11,87.29,34.3,22.8,21,0
0.02,0.11,76.75,34.34,22.9,21,0
-0.13,0.11,66.03,34.39,22.9,21,0
-0.06,0.11,77.46,34.43,22.9,20.9,0
0.87,0.11,79.09,34.49,22.9,20.9,-1
-0.94,0.11,79.22,34.47,23,20.9,-1
-0.12,0.11,78.08,34.45,23,20.8,-1
0.11,0.11,76.88,34.39,23,20.8,-1
0.43,0.12,70.41,34.36,23,20.8,-1
-0.28,0.11,75.7,34.32,23.1,20.8,-1
0.99,0.11,80.73,34.35,23.1,20.8,-1
-0.66,0.11,80.35,34.43,23.1,20.9,-1
-0.54,0.12,79.69,34.46,23.1,20.9,-1
-0.57,0.12,77.61,34.45,23.2,21,-1
0.72,0.12,71.91,34.41,23.2,20.9,-1
0.15,0.12,68.3,34.36,23.2,20.8,-1
0,0.12,56.08,34.32,23.2,20.8,-1
-0.1,0.12,71.59,34.29,23.3,20.8,-1
0.09,0.12,83.33,34.24,23.3,20.8,-1
-0.16,0.11,77.96,34.19,23.3,20.8,-1
0.38,0.11,78.23,34.24,23.3,20.8,-1
-0.13,0.12,70.59,34.42,23.4,20.7,-1
-0.08,0.11,76.06,34.59,23.4,20.7,-1
0.36,0.12,77.97,34.64,23.4,20.7,-1
-0.38,0.12,76.02,34.66,23.4,20.7,-1
-0.21,0.11,76.05,34.63,23.4,20.8,-1
0.04,0.11,98.44,34.63,23.5,20.8,-1
-1.86,0.11,92.89,34.61,23.5,20.9,-1
1.87,0.11,72.35,34.62,23.5,20.8,-1
0.18,0.11,80.12,34.61,23.5,20.8,-1
-0.11,0.12,84.19,34.61,23.6,20.8,-1
-0.08,0.12,66.07,34.57,23.6,20.8,-1
0.28,0.11,75.21,34.53,23.6,20.7,-1
-0.34,0.11,82.09,34.56,23.6,20.8,-1
0.11,0.12,80.03,34.59,23.6,20.8,1
-0.13,0.11,73.02,34.56,23.7,20.8,1
2.3,0.11,80.06,34.51,23.7,20.7,1
-1.97,0.11,79.53,34.49,23.7,20.7,1
0.07,0.12,77.3,34.34,23.7,20.7,1
-0.13,0.12,73.79,34.39,23.7,20.6,1
0.02,0.12,78.14,34.43,23.7,20.6,1
-0.13,0.12,77.82,34.42,23.8,20.6,1
0.1,0.13,75.07,34.37,23.8,20.6,1
-0.06,0.13,77.31,34.33,23.8,20.6,1
-0.66,0.12,78.87,34.42,23.8,20.6,1
0.78,0.12,80.68,34.48,23.8,20.6,1
-0.94,0.12,70.67,34.5,23.9,20.6,1
0.52,0.12,72.16,34.48,23.9,20.6,1
0.01,0.12,63.25,34.49,23.9,20.6,1
0.13,0.12,67.53,34.45,23.9,20.5,1
-0.35,0.12,91.59,34.39,23.9,20.5,1
0.38,0.12,107.04,34.4,23.9,20.5,1
-0.39,0.12,89.26,34.45,24,20.6,1
0.61,0.12,83.02,34.51,24,20.6,1
-0.46,0.11,77.41,34.55,24,20.6,1
0.24,0.12,75.21,34.49,24,20.5,1
-0.09,0.12,78.78,34.51,24,20.5,1
0.21,0.12,95.57,34.47,24,20.5,1
-0.36,0.13,90.84,34.48,24.1,20.5,1
-0.03,0.13,119.97,34.47,24.1,20.5,1
0.16,0.13,112.27,34.49,24.1,20.5,1
0.41,0.13,77.97,34.47,24.1,20.5,1
-0.38,0.13,80.23,34.48,24.1,20.5,1
0.18,0.12,89.44,34.5,24.1,20.4,1
0.05,0.13,87.32,34.49,24.1,20.4,1
-0.52,0.12,80.7,34.48,24.2,20.4,1
0.31,0.13,77.94,34.44,24.2,20.4,1
-0.95,0.13,79.24,34.49,24.2,20.5,1
1.2,0.14,74.95,34.43,24.2,20.5,1
-0.41,0.13,82.74,34.47,24.2,20.5,1
-0.76,0.11,84.48,34.54,24.2,20.5,1
1.15,0.13,75.95,34.34,24.2,20.5,1
0.18,0.13,76.47,34.43,24.3,20.5,1
0.75,0.13,81.66,34.49,24.3,20.5,1
-1.4,0.13,78.71,34.54,24.3,20.4,1
0.57,0.12,81.94,34.41,24.3,20.4,1
-0.53,0.12,83.58,34.28,24.3,20.4,1
0.18,0.12,80.73,34.24,24.3,20.4,1
0.51,0.13,78.25,34.28,24.4,20.5,1
-0.14,0.13,82.53,34.29,24.4,20.4,1
-0.1,0.13,81.11,34.38,24.4,20.4,1
-0.06,0.13,81.28,34.42,24.4,20.3,1
0,0.12,83,34.37,24.4,20.3,1
0,0.11,70.46,34.37,24.4,20.3,1
-0.19,0.12,66.03,34.5,24.4,20.3,1
0.63,0.13,78.33,34.51,24.4,20.3,1
-0.32,0.13,74.68,34.6,24.5,20.3,1
-0.34,0.13,77.51,34.66,24.5,20.1,1
0.01,0.14,87.86,34.67,24.5,20.1,1
0.38,0.14,83.04,34.7,24.5,20.1,1
-0.01,0.14,85.46,34.77,24.5,20.1,1
-0.18,0.14,84.3,34.65,24.5,20,1
0,0.13,84,34.52,24.5,20.1,1
-0.11,0.14,108.37,34.56,24.6,20.2,1
0,0.13,84.42,34.76,24.6,20,1
0.61,0.13,80.48,34.66,24.6,20,1
-0.7,0.13,91.56,34.51,24.6,20,1
0.01,0.14,81.12,34.63,24.6,19.9,1
-0.11,0.14,74.95,34.81,24.6,20.1,1
1.73,0.14,76.31,34.88,24.6,20.4,1
-1.45,0.15,77.82,34.85,24.6,20.6,1
0.27,0.14,79.01,34.75,24.7,20.7,1
-0.4,0.15,80.79,34.09,24.7,20.5,1
0.31,0.18,84.69,34.05,24.7,20.4,1
-0.07,0.15,81.55,34.1,24.7,20.2,1
-0.02,0.14,75.96,33.74,24.7,20.1,1
0.2,0.14,84.67,33.59,24.7,19.9,1
-0.4,0.13,80.17,33.72,24.7,19.8,1
-0.06,0.12,78.93,33.52,24.7,19.8,1
0.37,0.13,93.19,33.33,24.7,19.8,1
0.69,0.13,108.28,33.23,24.8,19.8,1
-0.86,0.14,102.51,33.33,24.8,19.7,1
0.03,0.13,83.86,33.1,24.8,19.7,1
-0.16,0.13,89.72,33.13,24.8,19.7,1
0.2,0.14,83.39,33.35,24.8,19.7,1
-0.44,0.13,80.17,33.46,24.8,19.7,1
0.3,0.13,82.83,33.45,24.8,19.7,1
0.02,0.13,78.46,33.45,24.8,19.6,1
0.19,0.13,85.61,33.51,24.8,19.6,1
0.21,0.13,81.07,33.56,24.8,19.5,1
-0.5,0.13,84.27,33.58,24.9,19.5,1
0.18,0.13,87.96,33.51,24.9,19.5,1
-0.05,0.13,84.71,33.57,24.9,19.5,1
-0.02,0.13,87.35,33.56,24.9,19.5,1
0.54,0.13,80.12,33.6,24.9,19.5,1
-0.4,0.12,84.52,33.65,24.9,19.4,1
0.08,0.13,83.98,33.74,24.9,19.4,1
-0.17,0.14,82.59,33.81,24.9,19.4,1
0.4,0.13,87.65,33.79,24.9,19.4,1
0.44,0.13,90.59,33.74,25,19.4,1
-0.92,0.12,87.88,33.76,25,19.4,1
0.34,0.12,88.51,33.8,25,19.3,1
0.82,0.12,88.78,33.8,25,19.3,1
-2.95,0.13,93.98,33.74,25,19.4,1
1.31,0.14,81.34,33.76,25,19.4,1
-1.17,0.14,80.87,33.75,25,19.3,1
1.6,0.14,79.41,33.72,25,19.2,1
0.13,0.14,77.2,33.76,25,19.3,1
-0.05,0.14,82.61,33.83,25,19.3,1
0.01,0.15,80.75,33.75,25,19.3,1
-0.19,0.14,84.87,33.74,25,19.3,1
0.13,0.14,82.93,33.68,25,19.3,1
0.21,0.13,75.74,33.75,25.1,19.2,1
0.03,0.14,78.78,33.84,25.1,19.2,1
-0.2,0.17,81.05,33.96,25.1,19.3,1
-0.22,0.15,87.02,33.99,25.1,19.2,1
0.32,0.15,83.04,34.1,25.1,19.3,1
-0.03,0.14,82.03,34.24,25.1,19.3,1
0.28,0.13,88.51,34.24,25.1,19.2,1
-0.31,0.14,84.33,34.23,25.1,19.2,1
0.12,0.14,94.25,34.15,25.1,19.2,1
-0.14,0.14,99.09,34.07,25.1,19.1,1
0.29,0.13,96.65,34.1,25.1,18.9,1
0.14,0.13,102.59,34.22,25.1,18.8,1
-0.45,0.13,104.86,34.3,25.1,18.8,1
0.3,0.14,80.56,34.38,25.1,18.8,1
-0.96,0.17,88.27,34.43,25.1,18.8,1
1.48,0.18,83.43,34.52,25.1,18.8,1
0.55,0.21,77.04,34.55,25.1,18.8,1
-1.59,0.22,78.11,34.49,25.1,18.8,1
0.67,0.41,80.09,34.51,25.1,18.8,1
-0.4,0.64,74.91,34.54,25.1,18.6,1
0.04,1.1,78.15,34.54,25.1,18.7,1
-0.27,1.32,81.79,34.57,25.1,18.6,1
0.22,1.19,95.81,34.63,25.1,18.6,1
-0.15,0.86,87.93,34.61,25.1,18.5,1
0.27,0.78,97.23,34.57,25.1,18.5,1
-0.31,1.21,85.26,34.6,25.1,18.4,1
0.58,1.53,70.9,34.59,25.1,18.5,1
-0.38,1.88,82.04,34.48,25.1,18.4,1
-0.47,1.85,89.81,34.43,25.1,18.4,1
0.63,1.47,83.31,34.44,25.1,18.5,1
-0.25,2.05,84.06,34.56,25.1,18.5,1
0.04,1.97,85.42,34.49,25.1,18.5,1
-0.28,1.69,92.4,34.44,25.1,18.4,1
0.38,1.73,113.14,34.4,25.1,18.4,1
-0.34,2.39,92.81,34.37,25.2,18.4,1
0.59,1.91,87.13,34.26,25.2,18.3,1
-0.41,1.4,99.04,34.26,25.2,18.3,1
-0.1,1.03,93.39,34.29,25.2,18.3,1
0.1,1.04,76.66,34.25,25.2,18.2,1
0.01,1.09,86.71,34.14,25.2,18.3,1
-0.11,0.93,97.62,34.12,25.2,18.2,1
0.26,1.25,89.99,34.1,25.2,18.3,1
-0.01,1.27,76.04,33.96,25.2,18.2,1
0.11,1.4,83.09,34.01,25.2,18.2,1
-0.23,1.3,87.51,34,25.2,18.2,1
0.09,1.19,86.46,34.04,25.2,18.2,1
-1.14,0.99,88.59,34.09,25.2,18.2,1
1,2.19,86.36,34.14,25.2,18.3,1
-0.05,2.07,79.61,34.17,25.2,18.2,1
0.17,1.9,74.76,33.99,25.2,18.3,1
-1.37,1.3,85.38,34.06,25.2,18.3,1
1.46,1.48,82.67,33.82,25.2,18.2,1
-0.2,1.29,81.37,33.68,25.2,18.3,1
0.05,2.19,80.69,33.97,25.2,18.4,1
0.25,2.68,83.76,34.08,25.2,18.3,1
-0.14,2.82,83.64,34.43,25.2,18.3,1
-0.01,2.11,83.15,34.64,25.2,18.4,1
0.04,1.19,84.99,34.63,25.3,18.3,1
-0.1,1.14,84.75,34.57,25.3,18.3,1
-0.28,1.59,78.14,34.65,25.3,18.3,1
0.34,2.01,78.62,34.69,25.3,18.3,1
0.1,2.89,88.4,34.85,25.3,18.3,1
-0.24,2.81,94.26,34.99,25.3,18.3,1
-0.01,2.56,86.89,35.04,25.3,18.4,1
-0.12,2.42,81.43,35.03,25.3,18.3,1
0.05,3.29,83.04,34.9,25.3,18.3,1
0.15,2.52,81.08,34.94,25.3,18.3,1
1.57,2.07,81.03,35,25.3,18.4,1
-1.57,3.74,84.29,35.03,25.3,18.4,1
0.07,2.96,81.04,35.1,25.3,18.4,1
-0.17,2.95,83.06,35.13,25.4,18.4,1
0.32,2.62,82.89,34.96,25.4,18.4,1
-0.14,2.21,79.51,35.06,25.4,18.5,1
0.04,2.03,85.18,35.14,25.4,18.5,1
-0.05,2.35,82.28,35.16,25.4,18.4,1
-0.17,3.78,88.29,35.2,25.4,18.4,1
-0.09,3.19,92.46,35.27,25.4,18.4,1
0.36,2.84,90.65,35.24,25.4,18.5,1
-0.1,2.5,86.05,35.19,25.4,18.4,1
0.05,2.24,94.61,35.11,25.4,18.4,1
-0.02,1.78,83.34,35.11,25.4,18.4,1
-0.35,1.45,77.55,35.07,25.5,18.6,1
-0.02,1.24,78.23,35.03,25.5,18.9,1
0.51,1,80.93,35.04,25.5,18.7,1
-0.29,0.84,81.99,35.04,25.5,18.8,1
0.14,0.68,80.87,35.07,25.5,18.7,1
-0.01,0.56,83.08,35.12,25.5,18.8,1
-0.1,0.51,81.56,35.15,25.5,18.6,1
0.28,0.46,79.17,35.23,25.6,18.6,1
-0.34,0.4,89.19,35.28,25.6,18.6,1
0.29,0.35,90.45,35.32,25.6,18.6,1
-0.05,0.31,78.85,35.38,25.6,18.7,1
-0.2,0.27,80.66,35.47,25.6,18.8,1
0.12,0.23,84.21,35.5,25.6,19,1
-0.46,0.2,85.98,35.56,25.7,18.8,1
0.03,0.18,82.17,35.59,25.7,18.9,1
1,0.16,79.63,35.62,25.7,18.8,1
-0.71,0.21,80.74,35.59,25.7,18.9,1
0.43,0.56,76.91,35.43,25.7,18.7,1
-0.39,0.51,79.57,35.47,25.7,18.6,1
-0.02,0.4,81.86,35.42,25.8,18.6,1
0.01,0.32,91.83,35.47,25.8,18.6,1
0.24,0.18,112.9,35.48,25.8,18.5,1
-0.22,0.09,116.67,35.44,25.8,18.5,1
0.02,0.18,118.43,35.49,25.8,18.5,1
-0.12,0.16,116.05,35.54,25.8,18.3,1
0.17,0.16,106.01,35.53,25.8,18.2,1
-0.06,0.17,93.24,35.29,25.8,17.9,1
0.11,0.17,87.69,34.76,25.8,18,1
0.12,0.17,84.92,34.67,25.8,18.1,1
-1.6,0.17,88.47,34.69,25.8,17.9,1
